fit_time,fit_time_std,score_time,score_time_std,test_accuracy,test_accuracy_std,train_accuracy,train_accuracy_std,model_name,num_desired_features,num_selected_features,selection_algorithm,valuation_method,include_lowest,CPU_time,Wall_time,dataset_name
0.002,0.0001,0.0046,0.0001,75.87,3.1300000000000003,78.94,1.13,KNeighbors,2,2,KGroups_max,Fvalue,False,0:04:23.199375,0:04:24.766526,lung
0.0024,0.0,0.0017,0.0,77.84,1.5699999999999998,77.83,0.38999999999999996,LinearSVC,2,2,KGroups_max,Fvalue,False,0:04:23.199375,0:04:24.766526,lung
0.1478,0.0003,0.0085,0.0001,69.48,7.8,100.0,0.0,RandomForest,2,2,KGroups_max,Fvalue,False,0:04:23.199375,0:04:24.766526,lung
0.058,0.0007,0.0033,0.0001,71.98,7.23,99.51,0.27999999999999997,XGB,2,2,KGroups_max,Fvalue,False,0:04:23.199375,0:04:24.766526,lung
0.134,0.0019,0.0021,0.0,77.84,1.5699999999999998,77.83,0.38999999999999996,MLP,2,2,KGroups_max,Fvalue,False,0:04:23.199375,0:04:24.766526,lung
0.0022,0.0,0.0018,0.0,78.8,2.35,79.43,0.58,GaussianNB,2,2,KGroups_max,Fvalue,False,0:04:23.199375,0:04:24.766526,lung
0.002,0.0001,0.0046,0.0001,77.85,2.1999999999999997,79.80000000000001,0.84,KNeighbors,3,3,KGroups_max,Fvalue,False,0:04:23.199375,0:04:24.766526,lung
0.0025,0.0,0.0017,0.0,78.33,0.96,78.45,0.44,LinearSVC,3,3,KGroups_max,Fvalue,False,0:04:23.199375,0:04:24.766526,lung
0.1477,0.0004,0.0084,0.0,68.49,2.97,99.88,0.27,RandomForest,3,3,KGroups_max,Fvalue,False,0:04:23.199375,0:04:24.766526,lung
0.0605,0.0007,0.0034,0.0001,68.99,4.92,99.38,0.44,XGB,3,3,KGroups_max,Fvalue,False,0:04:23.199375,0:04:24.766526,lung
0.1373,0.0003,0.0021,0.0001,78.82000000000001,1.3299999999999998,79.06,0.44,MLP,3,3,KGroups_max,Fvalue,False,0:04:23.199375,0:04:24.766526,lung
0.0022,0.0,0.0018,0.0,60.540000000000006,26.33,60.73,23.7,GaussianNB,3,3,KGroups_max,Fvalue,False,0:04:23.199375,0:04:24.766526,lung
0.002,0.0001,0.0046,0.0001,74.42999999999999,8.08,78.69,2.0,KNeighbors,4,4,KGroups_max,Fvalue,False,0:04:23.199375,0:04:24.766526,lung
0.0026,0.0001,0.0018,0.0,77.35,2.52,77.96,0.54,LinearSVC,4,4,KGroups_max,Fvalue,False,0:04:23.199375,0:04:24.766526,lung
0.1523,0.0003,0.0084,0.0,73.88,6.75,99.75,0.33999999999999997,RandomForest,4,4,KGroups_max,Fvalue,False,0:04:23.199375,0:04:24.766526,lung
0.0621,0.0014,0.0035,0.0001,68.46,7.48,100.0,0.0,XGB,4,4,KGroups_max,Fvalue,False,0:04:23.199375,0:04:24.766526,lung
0.1421,0.0006,0.0021,0.0,77.84,1.5699999999999998,78.82000000000001,0.33,MLP,4,4,KGroups_max,Fvalue,False,0:04:23.199375,0:04:24.766526,lung
0.0022,0.0,0.0018,0.0,57.089999999999996,13.52,58.879999999999995,11.01,GaussianNB,4,4,KGroups_max,Fvalue,False,0:04:23.199375,0:04:24.766526,lung
0.002,0.0001,0.0046,0.0001,81.78,4.06,84.11,1.4500000000000002,KNeighbors,5,5,KGroups_max,Fvalue,False,0:04:23.199375,0:04:24.766526,lung
0.0027,0.0,0.0018,0.0,80.32000000000001,2.8400000000000003,80.05,1.26,LinearSVC,5,5,KGroups_max,Fvalue,False,0:04:23.199375,0:04:24.766526,lung
0.1529,0.0009,0.0083,0.0001,76.85,4.05,100.0,0.0,RandomForest,5,5,KGroups_max,Fvalue,False,0:04:23.199375,0:04:24.766526,lung
0.0594,0.0006,0.0037,0.0001,76.4,4.83,100.0,0.0,XGB,5,5,KGroups_max,Fvalue,False,0:04:23.199375,0:04:24.766526,lung
0.1459,0.0004,0.0022,0.0001,79.33,4.6899999999999995,82.50999999999999,0.9299999999999999,MLP,5,5,KGroups_max,Fvalue,False,0:04:23.199375,0:04:24.766526,lung
0.0022,0.0,0.0018,0.0,68.95,6.45,72.91,6.859999999999999,GaussianNB,5,5,KGroups_max,Fvalue,False,0:04:23.199375,0:04:24.766526,lung
0.0021,0.0,0.0046,0.0001,74.87,4.54,78.33,1.03,KNeighbors,6,6,KGroups_max,Fvalue,False,0:04:23.199375,0:04:24.766526,lung
0.0028,0.0001,0.0018,0.0001,78.35,3.84,79.31,0.65,LinearSVC,6,6,KGroups_max,Fvalue,False,0:04:23.199375,0:04:24.766526,lung
0.1524,0.0008,0.0085,0.0002,75.89,3.81,100.0,0.0,RandomForest,6,6,KGroups_max,Fvalue,False,0:04:23.199375,0:04:24.766526,lung
0.0641,0.0015,0.0038,0.0001,75.87,1.97,100.0,0.0,XGB,6,6,KGroups_max,Fvalue,False,0:04:23.199375,0:04:24.766526,lung
0.1463,0.0003,0.0022,0.0001,76.38000000000001,3.52,81.03,1.0999999999999999,MLP,6,6,KGroups_max,Fvalue,False,0:04:23.199375,0:04:24.766526,lung
0.0022,0.0,0.0019,0.0001,54.61,23.87,58.01,22.220000000000002,GaussianNB,6,6,KGroups_max,Fvalue,False,0:04:23.199375,0:04:24.766526,lung
0.0021,0.0001,0.0046,0.0001,80.80000000000001,2.55,85.35000000000001,0.76,KNeighbors,7,7,KGroups_max,Fvalue,False,0:04:23.199375,0:04:24.766526,lung
0.0029,0.0001,0.0017,0.0001,79.82000000000001,4.62,84.24000000000001,1.23,LinearSVC,7,7,KGroups_max,Fvalue,False,0:04:23.199375,0:04:24.766526,lung
0.149,0.0004,0.0084,0.0002,79.35,5.48,100.0,0.0,RandomForest,7,7,KGroups_max,Fvalue,False,0:04:23.199375,0:04:24.766526,lung
0.0575,0.002,0.0039,0.0001,79.33,4.75,100.0,0.0,XGB,7,7,KGroups_max,Fvalue,False,0:04:23.199375,0:04:24.766526,lung
0.1473,0.0008,0.0022,0.0001,81.82000000000001,4.91,86.94,0.9299999999999999,MLP,7,7,KGroups_max,Fvalue,False,0:04:23.199375,0:04:24.766526,lung
0.0022,0.0,0.0019,0.0,40.43,5.45,43.6,4.03,GaussianNB,7,7,KGroups_max,Fvalue,False,0:04:23.199375,0:04:24.766526,lung
0.0021,0.0001,0.0047,0.0001,81.32000000000001,6.5,86.33,1.6,KNeighbors,8,8,KGroups_max,Fvalue,False,0:04:23.199375,0:04:24.766526,lung
0.0029,0.0,0.0018,0.0,80.84,6.88,86.58,2.75,LinearSVC,8,8,KGroups_max,Fvalue,False,0:04:23.199375,0:04:24.766526,lung
0.151,0.0008,0.0084,0.0001,80.83,6.660000000000001,100.0,0.0,RandomForest,8,8,KGroups_max,Fvalue,False,0:04:23.199375,0:04:24.766526,lung
0.0631,0.0016,0.0042,0.0003,81.77,7.06,100.0,0.0,XGB,8,8,KGroups_max,Fvalue,False,0:04:23.199375,0:04:24.766526,lung
0.1485,0.0004,0.0021,0.0,84.27,6.52,88.18,0.98,MLP,8,8,KGroups_max,Fvalue,False,0:04:23.199375,0:04:24.766526,lung
0.0022,0.0,0.0018,0.0,55.16,14.82,59.0,16.2,GaussianNB,8,8,KGroups_max,Fvalue,False,0:04:23.199375,0:04:24.766526,lung
0.0021,0.0001,0.0047,0.0001,76.34,3.8699999999999997,80.17,2.23,KNeighbors,9,9,KGroups_max,Fvalue,False,0:04:23.199375,0:04:24.766526,lung
0.0031,0.0001,0.0017,0.0,77.32,3.4000000000000004,81.28,0.91,LinearSVC,9,9,KGroups_max,Fvalue,False,0:04:23.199375,0:04:24.766526,lung
0.1537,0.0012,0.0084,0.0001,78.8,3.39,99.75,0.33999999999999997,RandomForest,9,9,KGroups_max,Fvalue,False,0:04:23.199375,0:04:24.766526,lung
0.0692,0.0018,0.0043,0.0001,77.3,5.779999999999999,100.0,0.0,XGB,9,9,KGroups_max,Fvalue,False,0:04:23.199375,0:04:24.766526,lung
0.1504,0.0002,0.0022,0.0001,76.84,1.44,81.03,1.1900000000000002,MLP,9,9,KGroups_max,Fvalue,False,0:04:23.199375,0:04:24.766526,lung
0.0022,0.0,0.0019,0.0,44.330000000000005,7.5200000000000005,47.92,7.17,GaussianNB,9,9,KGroups_max,Fvalue,False,0:04:23.199375,0:04:24.766526,lung
0.0021,0.0001,0.0047,0.0001,80.78999999999999,1.9800000000000002,85.34,1.59,KNeighbors,10,10,KGroups_max,Fvalue,False,0:04:23.199375,0:04:24.766526,lung
0.0031,0.0001,0.0018,0.0001,81.28999999999999,6.5600000000000005,87.81,1.34,LinearSVC,10,10,KGroups_max,Fvalue,False,0:04:23.199375,0:04:24.766526,lung
0.1566,0.001,0.0084,0.0001,84.76,4.279999999999999,100.0,0.0,RandomForest,10,10,KGroups_max,Fvalue,False,0:04:23.199375,0:04:24.766526,lung
0.0691,0.0022,0.0045,0.0001,83.26,4.67,100.0,0.0,XGB,10,10,KGroups_max,Fvalue,False,0:04:23.199375,0:04:24.766526,lung
0.1516,0.0002,0.0022,0.0001,82.74000000000001,6.7299999999999995,90.39,1.79,MLP,10,10,KGroups_max,Fvalue,False,0:04:23.199375,0:04:24.766526,lung
0.0022,0.0,0.0018,0.0,60.56,17.96,67.74,10.13,GaussianNB,10,10,KGroups_max,Fvalue,False,0:04:23.199375,0:04:24.766526,lung
0.0021,0.0001,0.0047,0.0001,82.22,6.32,84.48,0.8500000000000001,KNeighbors,11,10,KGroups_max,Fvalue,False,0:04:23.199375,0:04:24.766526,lung
0.0031,0.0,0.0018,0.0,83.74000000000001,2.83,84.48,1.7500000000000002,LinearSVC,11,10,KGroups_max,Fvalue,False,0:04:23.199375,0:04:24.766526,lung
0.1556,0.0008,0.0084,0.0,82.73,3.65,100.0,0.0,RandomForest,11,10,KGroups_max,Fvalue,False,0:04:23.199375,0:04:24.766526,lung
0.0664,0.0018,0.0045,0.0001,78.29,4.590000000000001,100.0,0.0,XGB,11,10,KGroups_max,Fvalue,False,0:04:23.199375,0:04:24.766526,lung
0.1503,0.0002,0.0022,0.0001,84.21,3.91,87.31,1.4200000000000002,MLP,11,10,KGroups_max,Fvalue,False,0:04:23.199375,0:04:24.766526,lung
0.0023,0.0,0.0019,0.0,53.23,9.19,56.52,3.7199999999999998,GaussianNB,11,10,KGroups_max,Fvalue,False,0:04:23.199375,0:04:24.766526,lung
0.0021,0.0001,0.0047,0.0001,82.74000000000001,1.91,85.22,1.9300000000000002,KNeighbors,12,12,KGroups_max,Fvalue,False,0:04:23.199375,0:04:24.766526,lung
0.0032,0.0001,0.0018,0.0,81.26,5.18,88.67,1.69,LinearSVC,12,12,KGroups_max,Fvalue,False,0:04:23.199375,0:04:24.766526,lung
0.1565,0.0002,0.0084,0.0001,85.2,4.42,100.0,0.0,RandomForest,12,12,KGroups_max,Fvalue,False,0:04:23.199375,0:04:24.766526,lung
0.0688,0.0011,0.0049,0.0,82.72,7.37,100.0,0.0,XGB,12,12,KGroups_max,Fvalue,False,0:04:23.199375,0:04:24.766526,lung
0.152,0.0007,0.0022,0.0,82.74000000000001,5.24,90.64,0.91,MLP,12,12,KGroups_max,Fvalue,False,0:04:23.199375,0:04:24.766526,lung
0.0023,0.0,0.0019,0.0,43.88,6.4799999999999995,47.54,3.02,GaussianNB,12,12,KGroups_max,Fvalue,False,0:04:23.199375,0:04:24.766526,lung
0.0021,0.0001,0.0048,0.0001,83.26,3.15,86.58,1.28,KNeighbors,13,13,KGroups_max,Fvalue,False,0:04:23.199375,0:04:24.766526,lung
0.0034,0.0001,0.0018,0.0,85.21,3.93,88.79,1.9800000000000002,LinearSVC,13,13,KGroups_max,Fvalue,False,0:04:23.199375,0:04:24.766526,lung
0.1565,0.001,0.0084,0.0001,87.66000000000001,3.9899999999999998,100.0,0.0,RandomForest,13,13,KGroups_max,Fvalue,False,0:04:23.199375,0:04:24.766526,lung
0.0693,0.002,0.005,0.0001,86.67,5.17,100.0,0.0,XGB,13,13,KGroups_max,Fvalue,False,0:04:23.199375,0:04:24.766526,lung
0.1529,0.0003,0.0022,0.0001,86.21,3.6999999999999997,91.75,0.5599999999999999,MLP,13,13,KGroups_max,Fvalue,False,0:04:23.199375,0:04:24.766526,lung
0.0023,0.0,0.0019,0.0,57.620000000000005,13.459999999999999,60.22,3.34,GaussianNB,13,13,KGroups_max,Fvalue,False,0:04:23.199375,0:04:24.766526,lung
0.0021,0.0001,0.0047,0.0001,86.22,2.73,90.39,1.49,KNeighbors,14,13,KGroups_max,Fvalue,False,0:04:23.199375,0:04:24.766526,lung
0.0032,0.0001,0.0019,0.0001,86.22,2.08,94.08999999999999,0.5499999999999999,LinearSVC,14,13,KGroups_max,Fvalue,False,0:04:23.199375,0:04:24.766526,lung
0.1558,0.001,0.0083,0.0001,87.68,3.88,100.0,0.0,RandomForest,14,13,KGroups_max,Fvalue,False,0:04:23.199375,0:04:24.766526,lung
0.0627,0.001,0.0049,0.0001,88.64999999999999,3.85,100.0,0.0,XGB,14,13,KGroups_max,Fvalue,False,0:04:23.199375,0:04:24.766526,lung
0.1529,0.0001,0.0022,0.0,87.16000000000001,4.859999999999999,94.83,0.9400000000000001,MLP,14,13,KGroups_max,Fvalue,False,0:04:23.199375,0:04:24.766526,lung
0.0023,0.0,0.0019,0.0,49.82,7.61,54.059999999999995,3.9,GaussianNB,14,13,KGroups_max,Fvalue,False,0:04:23.199375,0:04:24.766526,lung
0.0021,0.0001,0.0048,0.0001,84.74000000000001,5.24,88.55,1.18,KNeighbors,15,15,KGroups_max,Fvalue,False,0:04:23.199375,0:04:24.766526,lung
0.0035,0.0,0.0018,0.0,84.72,5.41,91.13,1.7999999999999998,LinearSVC,15,15,KGroups_max,Fvalue,False,0:04:23.199375,0:04:24.766526,lung
0.1581,0.0002,0.0084,0.0001,89.16,2.86,100.0,0.0,RandomForest,15,15,KGroups_max,Fvalue,False,0:04:23.199375,0:04:24.766526,lung
0.072,0.0022,0.0052,0.0,89.16,3.34,100.0,0.0,XGB,15,15,KGroups_max,Fvalue,False,0:04:23.199375,0:04:24.766526,lung
0.1548,0.0001,0.0022,0.0,85.21,3.5700000000000003,93.72,1.18,MLP,15,15,KGroups_max,Fvalue,False,0:04:23.199375,0:04:24.766526,lung
0.0023,0.0,0.0019,0.0001,63.5,15.53,68.36,7.829999999999999,GaussianNB,15,15,KGroups_max,Fvalue,False,0:04:23.199375,0:04:24.766526,lung
0.0022,0.0002,0.0048,0.0001,86.74,4.65,89.03999999999999,1.51,KNeighbors,16,15,KGroups_max,Fvalue,False,0:04:23.199375,0:04:24.766526,lung
0.0033,0.0001,0.0018,0.0,85.71,5.3100000000000005,94.21000000000001,1.54,LinearSVC,16,15,KGroups_max,Fvalue,False,0:04:23.199375,0:04:24.766526,lung
0.1569,0.0011,0.0085,0.0001,86.21,3.32,100.0,0.0,RandomForest,16,15,KGroups_max,Fvalue,False,0:04:23.199375,0:04:24.766526,lung
0.0711,0.0018,0.0053,0.0,85.71,3.65,100.0,0.0,XGB,16,15,KGroups_max,Fvalue,False,0:04:23.199375,0:04:24.766526,lung
0.1541,0.0002,0.0022,0.0,85.24000000000001,6.4,94.08999999999999,1.4200000000000002,MLP,16,15,KGroups_max,Fvalue,False,0:04:23.199375,0:04:24.766526,lung
0.0023,0.0,0.0019,0.0001,54.17999999999999,8.32,56.88999999999999,2.54,GaussianNB,16,15,KGroups_max,Fvalue,False,0:04:23.199375,0:04:24.766526,lung
0.0022,0.0001,0.0048,0.0001,82.26,4.83,83.99,2.25,KNeighbors,17,15,KGroups_max,Fvalue,False,0:04:23.199375,0:04:24.766526,lung
0.0035,0.0001,0.0018,0.0001,85.66,10.99,88.67,2.13,LinearSVC,17,15,KGroups_max,Fvalue,False,0:04:23.199375,0:04:24.766526,lung
0.1571,0.0005,0.0085,0.0001,86.17,7.89,100.0,0.0,RandomForest,17,15,KGroups_max,Fvalue,False,0:04:23.199375,0:04:24.766526,lung
0.0726,0.0027,0.0053,0.0002,85.68,7.84,100.0,0.0,XGB,17,15,KGroups_max,Fvalue,False,0:04:23.199375,0:04:24.766526,lung
0.1552,0.0004,0.0021,0.0,85.7,6.21,91.25999999999999,1.34,MLP,17,15,KGroups_max,Fvalue,False,0:04:23.199375,0:04:24.766526,lung
0.0023,0.0,0.0019,0.0001,51.73,7.71,54.190000000000005,4.04,GaussianNB,17,15,KGroups_max,Fvalue,False,0:04:23.199375,0:04:24.766526,lung
0.0019,0.0001,0.0046,0.0001,84.71,3.7600000000000002,87.92999999999999,1.81,KNeighbors,18,16,KGroups_max,Fvalue,False,0:04:23.199375,0:04:24.766526,lung
0.0036,0.0001,0.0018,0.0,83.72,7.13,92.36,1.8399999999999999,LinearSVC,18,16,KGroups_max,Fvalue,False,0:04:23.199375,0:04:24.766526,lung
0.1625,0.0009,0.0084,0.0001,86.2,4.54,100.0,0.0,RandomForest,18,16,KGroups_max,Fvalue,False,0:04:23.199375,0:04:24.766526,lung
0.0754,0.0028,0.0055,0.0001,87.18,3.2800000000000002,100.0,0.0,XGB,18,16,KGroups_max,Fvalue,False,0:04:23.199375,0:04:24.766526,lung
0.1564,0.0003,0.0022,0.0,85.65,7.6499999999999995,92.97999999999999,1.7399999999999998,MLP,18,16,KGroups_max,Fvalue,False,0:04:23.199375,0:04:24.766526,lung
0.0023,0.0,0.002,0.0001,50.260000000000005,7.1499999999999995,55.05,5.7299999999999995,GaussianNB,18,16,KGroups_max,Fvalue,False,0:04:23.199375,0:04:24.766526,lung
0.0019,0.0001,0.0046,0.0001,80.78,5.64,87.68,1.46,KNeighbors,19,17,KGroups_max,Fvalue,False,0:04:23.199375,0:04:24.766526,lung
0.0038,0.0001,0.0018,0.0001,79.27,11.86,87.31,2.85,LinearSVC,19,17,KGroups_max,Fvalue,False,0:04:23.199375,0:04:24.766526,lung
0.1595,0.0008,0.0084,0.0,88.14999999999999,4.5600000000000005,100.0,0.0,RandomForest,19,17,KGroups_max,Fvalue,False,0:04:23.199375,0:04:24.766526,lung
0.076,0.0017,0.0056,0.0,87.16000000000001,7.41,100.0,0.0,XGB,19,17,KGroups_max,Fvalue,False,0:04:23.199375,0:04:24.766526,lung
0.1572,0.0002,0.0022,0.0001,81.76,6.529999999999999,91.99000000000001,1.52,MLP,19,17,KGroups_max,Fvalue,False,0:04:23.199375,0:04:24.766526,lung
0.0023,0.0,0.002,0.0,58.120000000000005,10.26,60.96,2.18,GaussianNB,19,17,KGroups_max,Fvalue,False,0:04:23.199375,0:04:24.766526,lung
0.0019,0.0001,0.0046,0.0001,83.28999999999999,9.47,86.45,3.17,KNeighbors,20,19,KGroups_max,Fvalue,False,0:04:23.199375,0:04:24.766526,lung
0.0037,0.0001,0.0019,0.0001,81.77,7.670000000000001,92.12,1.18,LinearSVC,20,19,KGroups_max,Fvalue,False,0:04:23.199375,0:04:24.766526,lung
0.1615,0.0009,0.0084,0.0,87.2,6.35,100.0,0.0,RandomForest,20,19,KGroups_max,Fvalue,False,0:04:23.199375,0:04:24.766526,lung
0.0846,0.0058,0.006,0.0001,85.72999999999999,8.66,100.0,0.0,XGB,20,19,KGroups_max,Fvalue,False,0:04:23.199375,0:04:24.766526,lung
0.1585,0.0002,0.0022,0.0001,84.26,10.13,94.08999999999999,1.4200000000000002,MLP,20,19,KGroups_max,Fvalue,False,0:04:23.199375,0:04:24.766526,lung
0.0023,0.0,0.002,0.0,63.51,10.81,69.96,9.030000000000001,GaussianNB,20,19,KGroups_max,Fvalue,False,0:04:23.199375,0:04:24.766526,lung
0.0019,0.0,0.0046,0.0001,87.7,3.45,91.13,0.9299999999999999,KNeighbors,21,18,KGroups_max,Fvalue,False,0:04:23.199375,0:04:24.766526,lung
0.0035,0.0001,0.0018,0.0,89.2,5.3,94.71000000000001,1.27,LinearSVC,21,18,KGroups_max,Fvalue,False,0:04:23.199375,0:04:24.766526,lung
0.1612,0.0004,0.0084,0.0001,89.17,3.26,100.0,0.0,RandomForest,21,18,KGroups_max,Fvalue,False,0:04:23.199375,0:04:24.766526,lung
0.0734,0.0023,0.0058,0.0,86.71,4.07,100.0,0.0,XGB,21,18,KGroups_max,Fvalue,False,0:04:23.199375,0:04:24.766526,lung
0.1575,0.0004,0.0022,0.0001,88.68,4.06,96.06,0.9299999999999999,MLP,21,18,KGroups_max,Fvalue,False,0:04:23.199375,0:04:24.766526,lung
0.0023,0.0001,0.002,0.0001,57.15,5.34,59.0,6.069999999999999,GaussianNB,21,18,KGroups_max,Fvalue,False,0:04:23.199375,0:04:24.766526,lung
0.0019,0.0001,0.0046,0.0001,83.26,1.9900000000000002,85.71,0.95,KNeighbors,22,18,KGroups_max,Fvalue,False,0:04:23.199375,0:04:24.766526,lung
0.0037,0.0001,0.0018,0.0,82.71,4.859999999999999,90.75999999999999,0.44,LinearSVC,22,18,KGroups_max,Fvalue,False,0:04:23.199375,0:04:24.766526,lung
0.1623,0.0009,0.0084,0.0001,86.18,3.46,100.0,0.0,RandomForest,22,18,KGroups_max,Fvalue,False,0:04:23.199375,0:04:24.766526,lung
0.0776,0.0023,0.0058,0.0,85.2,6.08,100.0,0.0,XGB,22,18,KGroups_max,Fvalue,False,0:04:23.199375,0:04:24.766526,lung
0.1569,0.0004,0.0022,0.0001,84.23,2.22,93.35,0.66,MLP,22,18,KGroups_max,Fvalue,False,0:04:23.199375,0:04:24.766526,lung
0.0023,0.0,0.002,0.0001,58.620000000000005,9.74,61.7,3.37,GaussianNB,22,18,KGroups_max,Fvalue,False,0:04:23.199375,0:04:24.766526,lung
0.0019,0.0,0.0046,0.0001,85.24000000000001,5.4399999999999995,90.75999999999999,1.5699999999999998,KNeighbors,23,20,KGroups_max,Fvalue,False,0:04:23.199375,0:04:24.766526,lung
0.0038,0.0001,0.0018,0.0001,85.21,5.029999999999999,92.73,1.48,LinearSVC,23,20,KGroups_max,Fvalue,False,0:04:23.199375,0:04:24.766526,lung
0.1636,0.0004,0.0084,0.0001,86.68,5.17,100.0,0.0,RandomForest,23,20,KGroups_max,Fvalue,False,0:04:23.199375,0:04:24.766526,lung
0.0877,0.0042,0.0062,0.0001,85.7,6.16,100.0,0.0,XGB,23,20,KGroups_max,Fvalue,False,0:04:23.199375,0:04:24.766526,lung
0.1593,0.0002,0.0022,0.0,90.13,3.91,95.32000000000001,0.35000000000000003,MLP,23,20,KGroups_max,Fvalue,False,0:04:23.199375,0:04:24.766526,lung
0.0023,0.0,0.002,0.0001,47.32,6.41,51.73,2.03,GaussianNB,23,20,KGroups_max,Fvalue,False,0:04:23.199375,0:04:24.766526,lung
0.0019,0.0001,0.0046,0.0001,84.74000000000001,6.11,88.79,1.3299999999999998,KNeighbors,24,20,KGroups_max,Fvalue,False,0:04:23.199375,0:04:24.766526,lung
0.0039,0.0001,0.0018,0.0,86.2,7.26,93.35,2.1,LinearSVC,24,20,KGroups_max,Fvalue,False,0:04:23.199375,0:04:24.766526,lung
0.1617,0.0006,0.0084,0.0001,86.22,4.77,100.0,0.0,RandomForest,24,20,KGroups_max,Fvalue,False,0:04:23.199375,0:04:24.766526,lung
0.0855,0.0048,0.0062,0.0001,84.24000000000001,6.15,100.0,0.0,XGB,24,20,KGroups_max,Fvalue,False,0:04:23.199375,0:04:24.766526,lung
0.1594,0.0004,0.0022,0.0,87.2,5.6000000000000005,95.44,1.03,MLP,24,20,KGroups_max,Fvalue,False,0:04:23.199375,0:04:24.766526,lung
0.0023,0.0001,0.002,0.0001,50.739999999999995,10.01,56.03,4.83,GaussianNB,24,20,KGroups_max,Fvalue,False,0:04:23.199375,0:04:24.766526,lung
0.0019,0.0001,0.0047,0.0001,90.64999999999999,2.01,94.46,0.76,KNeighbors,25,21,KGroups_max,Fvalue,False,0:04:23.199375,0:04:24.766526,lung
0.0038,0.0001,0.0019,0.0001,90.11,4.02,98.15,0.44,LinearSVC,25,21,KGroups_max,Fvalue,False,0:04:23.199375,0:04:24.766526,lung
0.1626,0.0012,0.0084,0.0002,93.11,2.02,100.0,0.0,RandomForest,25,21,KGroups_max,Fvalue,False,0:04:23.199375,0:04:24.766526,lung
0.0742,0.0012,0.0063,0.0001,93.58999999999999,4.52,100.0,0.0,XGB,25,21,KGroups_max,Fvalue,False,0:04:23.199375,0:04:24.766526,lung
0.1607,0.0002,0.0022,0.0,90.62,4.07,98.28,0.6799999999999999,MLP,25,21,KGroups_max,Fvalue,False,0:04:23.199375,0:04:24.766526,lung
0.0023,0.0,0.002,0.0001,64.52,10.02,69.82000000000001,6.3,GaussianNB,25,21,KGroups_max,Fvalue,False,0:04:23.199375,0:04:24.766526,lung
0.0019,0.0001,0.0047,0.0001,89.66,4.01,92.61,0.77,KNeighbors,26,21,KGroups_max,Fvalue,False,0:04:23.199375,0:04:24.766526,lung
0.0039,0.0001,0.0019,0.0001,89.14999999999999,2.8899999999999997,96.43,0.9199999999999999,LinearSVC,26,21,KGroups_max,Fvalue,False,0:04:23.199375,0:04:24.766526,lung
0.1619,0.0011,0.0084,0.0001,86.21,3.6999999999999997,100.0,0.0,RandomForest,26,21,KGroups_max,Fvalue,False,0:04:23.199375,0:04:24.766526,lung
0.0777,0.0019,0.0063,0.0001,88.18,3.16,100.0,0.0,XGB,26,21,KGroups_max,Fvalue,False,0:04:23.199375,0:04:24.766526,lung
0.161,0.0002,0.0022,0.0,90.14999999999999,6.47,96.43,1.0999999999999999,MLP,26,21,KGroups_max,Fvalue,False,0:04:23.199375,0:04:24.766526,lung
0.0023,0.0,0.0021,0.0,70.44,7.42,75.62,2.3,GaussianNB,26,21,KGroups_max,Fvalue,False,0:04:23.199375,0:04:24.766526,lung
0.0019,0.0001,0.0047,0.0001,90.63,1.15,92.12,0.91,KNeighbors,27,21,KGroups_max,Fvalue,False,0:04:23.199375,0:04:24.766526,lung
0.0039,0.0,0.0018,0.0,86.7,1.39,97.41,0.8,LinearSVC,27,21,KGroups_max,Fvalue,False,0:04:23.199375,0:04:24.766526,lung
0.1638,0.0008,0.0085,0.0002,91.62,2.21,99.88,0.27,RandomForest,27,21,KGroups_max,Fvalue,False,0:04:23.199375,0:04:24.766526,lung
0.0775,0.0024,0.0062,0.0001,90.11,5.01,100.0,0.0,XGB,27,21,KGroups_max,Fvalue,False,0:04:23.199375,0:04:24.766526,lung
0.1603,0.0002,0.0022,0.0,88.16000000000001,2.79,97.66,0.8,MLP,27,21,KGroups_max,Fvalue,False,0:04:23.199375,0:04:24.766526,lung
0.0023,0.0,0.002,0.0001,61.6,10.190000000000001,65.52,6.49,GaussianNB,27,21,KGroups_max,Fvalue,False,0:04:23.199375,0:04:24.766526,lung
0.002,0.0001,0.0047,0.0001,89.18,2.08,92.12,1.2,KNeighbors,28,23,KGroups_max,Fvalue,False,0:04:23.199375,0:04:24.766526,lung
0.004,0.0001,0.0018,0.0,89.66,5.55,98.64,0.52,LinearSVC,28,23,KGroups_max,Fvalue,False,0:04:23.199375,0:04:24.766526,lung
0.1607,0.0009,0.0085,0.0001,88.67,3.32,100.0,0.0,RandomForest,28,23,KGroups_max,Fvalue,False,0:04:23.199375,0:04:24.766526,lung
0.078,0.0018,0.0066,0.0001,89.16,1.38,100.0,0.0,XGB,28,23,KGroups_max,Fvalue,False,0:04:23.199375,0:04:24.766526,lung
0.1618,0.0004,0.0022,0.0001,90.13,3.1,98.64,1.02,MLP,28,23,KGroups_max,Fvalue,False,0:04:23.199375,0:04:24.766526,lung
0.0023,0.0,0.002,0.0001,64.56,10.09,69.45,3.29,GaussianNB,28,23,KGroups_max,Fvalue,False,0:04:23.199375,0:04:24.766526,lung
0.002,0.0001,0.0047,0.0001,87.7,2.94,91.5,0.9199999999999999,KNeighbors,29,23,KGroups_max,Fvalue,False,0:04:23.199375,0:04:24.766526,lung
0.0041,0.0002,0.0019,0.0001,86.18,6.7299999999999995,94.58,2.2399999999999998,LinearSVC,29,23,KGroups_max,Fvalue,False,0:04:23.199375,0:04:24.766526,lung
0.1638,0.0005,0.0084,0.0001,87.71,4.88,100.0,0.0,RandomForest,29,23,KGroups_max,Fvalue,False,0:04:23.199375,0:04:24.766526,lung
0.0863,0.0053,0.0067,0.0002,87.67,3.0700000000000003,100.0,0.0,XGB,29,23,KGroups_max,Fvalue,False,0:04:23.199375,0:04:24.766526,lung
0.1622,0.0002,0.0022,0.0,89.14999999999999,5.96,97.28999999999999,0.5499999999999999,MLP,29,23,KGroups_max,Fvalue,False,0:04:23.199375,0:04:24.766526,lung
0.0023,0.0,0.002,0.0,62.019999999999996,6.74,62.82,7.13,GaussianNB,29,23,KGroups_max,Fvalue,False,0:04:23.199375,0:04:24.766526,lung
0.002,0.0001,0.0046,0.0001,90.14999999999999,2.4699999999999998,92.49000000000001,0.7799999999999999,KNeighbors,30,24,KGroups_max,Fvalue,False,0:04:23.199375,0:04:24.766526,lung
0.0041,0.0001,0.0019,0.0,90.16,2.4,97.91,0.7000000000000001,LinearSVC,30,24,KGroups_max,Fvalue,False,0:04:23.199375,0:04:24.766526,lung
0.1614,0.0005,0.0085,0.0001,91.13,2.83,100.0,0.0,RandomForest,30,24,KGroups_max,Fvalue,False,0:04:23.199375,0:04:24.766526,lung
0.0893,0.0039,0.0069,0.0002,90.63,3.2199999999999998,100.0,0.0,XGB,30,24,KGroups_max,Fvalue,False,0:04:23.199375,0:04:24.766526,lung
0.1619,0.0002,0.0022,0.0,90.64999999999999,2.01,98.89,0.52,MLP,30,24,KGroups_max,Fvalue,False,0:04:23.199375,0:04:24.766526,lung
0.0023,0.0,0.0021,0.0,62.51,16.32,68.61,6.660000000000001,GaussianNB,30,24,KGroups_max,Fvalue,False,0:04:23.199375,0:04:24.766526,lung
0.0019,0.0001,0.0047,0.0001,93.57,2.87,95.19999999999999,1.11,KNeighbors,31,25,KGroups_max,Fvalue,False,0:04:23.199375,0:04:24.766526,lung
0.0042,0.0001,0.0019,0.0,92.12,4.35,99.00999999999999,0.5499999999999999,LinearSVC,31,25,KGroups_max,Fvalue,False,0:04:23.199375,0:04:24.766526,lung
0.164,0.0013,0.0084,0.0001,94.59,2.06,100.0,0.0,RandomForest,31,25,KGroups_max,Fvalue,False,0:04:23.199375,0:04:24.766526,lung
0.0792,0.0028,0.007,0.0002,93.58999999999999,4.79,100.0,0.0,XGB,31,25,KGroups_max,Fvalue,False,0:04:23.199375,0:04:24.766526,lung
0.1625,0.0003,0.0022,0.0,92.57,3.9899999999999998,98.89,0.52,MLP,31,25,KGroups_max,Fvalue,False,0:04:23.199375,0:04:24.766526,lung
0.0024,0.0,0.0021,0.0,63.49,11.65,64.91,6.78,GaussianNB,31,25,KGroups_max,Fvalue,False,0:04:23.199375,0:04:24.766526,lung
0.002,0.0001,0.0047,0.0001,87.7,3.8600000000000003,92.86,0.91,KNeighbors,32,24,KGroups_max,Fvalue,False,0:04:23.199375,0:04:24.766526,lung
0.0041,0.0001,0.0018,0.0,91.12,2.83,98.52,0.5499999999999999,LinearSVC,32,24,KGroups_max,Fvalue,False,0:04:23.199375,0:04:24.766526,lung
0.1624,0.0007,0.0084,0.0001,89.17,4.07,100.0,0.0,RandomForest,32,24,KGroups_max,Fvalue,False,0:04:23.199375,0:04:24.766526,lung
0.0852,0.0017,0.0069,0.0001,87.68,2.48,100.0,0.0,XGB,32,24,KGroups_max,Fvalue,False,0:04:23.199375,0:04:24.766526,lung
0.1624,0.0003,0.0022,0.0001,91.11,2.9000000000000004,99.14,0.5499999999999999,MLP,32,24,KGroups_max,Fvalue,False,0:04:23.199375,0:04:24.766526,lung
0.0023,0.0,0.0021,0.0,61.53999999999999,8.04,65.14999999999999,3.39,GaussianNB,32,24,KGroups_max,Fvalue,False,0:04:23.199375,0:04:24.766526,lung
0.0019,0.0001,0.0046,0.0001,86.18,2.39,89.9,0.91,KNeighbors,33,25,KGroups_max,Fvalue,False,0:04:23.199375,0:04:24.766526,lung
0.0043,0.0001,0.0018,0.0,88.14999999999999,3.7900000000000005,97.54,0.8699999999999999,LinearSVC,33,25,KGroups_max,Fvalue,False,0:04:23.199375,0:04:24.766526,lung
0.1673,0.0012,0.0084,0.0001,88.16000000000001,5.38,100.0,0.0,RandomForest,33,25,KGroups_max,Fvalue,False,0:04:23.199375,0:04:24.766526,lung
0.0854,0.0043,0.007,0.0001,89.16,5.1,100.0,0.0,XGB,33,25,KGroups_max,Fvalue,False,0:04:23.199375,0:04:24.766526,lung
0.162,0.0003,0.0022,0.0001,87.64999999999999,5.029999999999999,98.77,0.0,MLP,33,25,KGroups_max,Fvalue,False,0:04:23.199375,0:04:24.766526,lung
0.0023,0.0,0.0021,0.0,62.1,9.31,68.47999999999999,6.5600000000000005,GaussianNB,33,25,KGroups_max,Fvalue,False,0:04:23.199375,0:04:24.766526,lung
0.002,0.0001,0.0047,0.0001,86.2,1.48,87.44,0.9199999999999999,KNeighbors,34,26,KGroups_max,Fvalue,False,0:04:23.199375,0:04:24.766526,lung
0.0044,0.0001,0.0019,0.0001,88.63,3.8899999999999997,97.91,1.04,LinearSVC,34,26,KGroups_max,Fvalue,False,0:04:23.199375,0:04:24.766526,lung
0.1694,0.0009,0.0084,0.0001,88.14999999999999,4.87,100.0,0.0,RandomForest,34,26,KGroups_max,Fvalue,False,0:04:23.199375,0:04:24.766526,lung
0.0905,0.0014,0.0071,0.0001,86.17,4.97,100.0,0.0,XGB,34,26,KGroups_max,Fvalue,False,0:04:23.199375,0:04:24.766526,lung
0.1638,0.0002,0.0023,0.0001,88.64999999999999,4.18,98.27,0.6799999999999999,MLP,34,26,KGroups_max,Fvalue,False,0:04:23.199375,0:04:24.766526,lung
0.0024,0.0001,0.0021,0.0,51.72,5.16,57.15,2.69,GaussianNB,34,26,KGroups_max,Fvalue,False,0:04:23.199375,0:04:24.766526,lung
0.002,0.0001,0.0047,0.0001,90.66,5.3100000000000005,93.47,0.9199999999999999,KNeighbors,35,27,KGroups_max,Fvalue,False,0:04:23.199375,0:04:24.766526,lung
0.0045,0.0001,0.0019,0.0,88.68,5.3100000000000005,97.78,0.33999999999999997,LinearSVC,35,27,KGroups_max,Fvalue,False,0:04:23.199375,0:04:24.766526,lung
0.1657,0.0011,0.0084,0.0001,91.63,3.6799999999999997,100.0,0.0,RandomForest,35,27,KGroups_max,Fvalue,False,0:04:23.199375,0:04:24.766526,lung
0.0897,0.0037,0.0073,0.0001,89.61,6.21,100.0,0.0,XGB,35,27,KGroups_max,Fvalue,False,0:04:23.199375,0:04:24.766526,lung
0.1635,0.0002,0.0023,0.0001,90.18,3.7900000000000005,98.03,0.8,MLP,35,27,KGroups_max,Fvalue,False,0:04:23.199375,0:04:24.766526,lung
0.0024,0.0,0.0021,0.0,65.49000000000001,11.129999999999999,69.08999999999999,6.329999999999999,GaussianNB,35,27,KGroups_max,Fvalue,False,0:04:23.199375,0:04:24.766526,lung
0.002,0.0001,0.0047,0.0001,86.21,4.46,90.88000000000001,1.2,KNeighbors,36,27,KGroups_max,Fvalue,False,0:04:23.199375,0:04:24.766526,lung
0.0045,0.0002,0.0019,0.0001,84.7,6.43,97.91,1.4200000000000002,LinearSVC,36,27,KGroups_max,Fvalue,False,0:04:23.199375,0:04:24.766526,lung
0.1692,0.001,0.0084,0.0001,86.7,2.22,100.0,0.0,RandomForest,36,27,KGroups_max,Fvalue,False,0:04:23.199375,0:04:24.766526,lung
0.1019,0.0059,0.0074,0.0001,88.67,3.6999999999999997,100.0,0.0,XGB,36,27,KGroups_max,Fvalue,False,0:04:23.199375,0:04:24.766526,lung
0.164,0.0004,0.0023,0.0001,89.66,3.5999999999999996,99.51,0.27999999999999997,MLP,36,27,KGroups_max,Fvalue,False,0:04:23.199375,0:04:24.766526,lung
0.0024,0.0001,0.0021,0.0,56.65,10.65,63.92,3.75,GaussianNB,36,27,KGroups_max,Fvalue,False,0:04:23.199375,0:04:24.766526,lung
0.002,0.0001,0.0047,0.0001,90.61,4.12,93.10000000000001,0.9199999999999999,KNeighbors,37,28,KGroups_max,Fvalue,False,0:04:23.199375,0:04:24.766526,lung
0.0045,0.0001,0.0019,0.0,91.11,3.7900000000000005,98.89,0.8,LinearSVC,37,28,KGroups_max,Fvalue,False,0:04:23.199375,0:04:24.766526,lung
0.1666,0.001,0.0084,0.0001,90.66,4.34,100.0,0.0,RandomForest,37,28,KGroups_max,Fvalue,False,0:04:23.199375,0:04:24.766526,lung
0.0903,0.0052,0.0077,0.0002,93.12,5.27,100.0,0.0,XGB,37,28,KGroups_max,Fvalue,False,0:04:23.199375,0:04:24.766526,lung
0.1655,0.0003,0.0022,0.0,93.08999999999999,4.1000000000000005,100.0,0.0,MLP,37,28,KGroups_max,Fvalue,False,0:04:23.199375,0:04:24.766526,lung
0.0024,0.0,0.0021,0.0,65.99000000000001,6.4799999999999995,67.86999999999999,9.76,GaussianNB,37,28,KGroups_max,Fvalue,False,0:04:23.199375,0:04:24.766526,lung
0.002,0.0001,0.0047,0.0001,83.23,5.12,90.02,1.68,KNeighbors,38,28,KGroups_max,Fvalue,False,0:04:23.199375,0:04:24.766526,lung
0.0048,0.0003,0.0019,0.0,80.72,12.479999999999999,95.19999999999999,1.1900000000000002,LinearSVC,38,28,KGroups_max,Fvalue,False,0:04:23.199375,0:04:24.766526,lung
0.1676,0.0014,0.0084,0.0001,89.16,2.86,100.0,0.0,RandomForest,38,28,KGroups_max,Fvalue,False,0:04:23.199375,0:04:24.766526,lung
0.0959,0.0039,0.0077,0.0001,90.61,3.7600000000000002,100.0,0.0,XGB,38,28,KGroups_max,Fvalue,False,0:04:23.199375,0:04:24.766526,lung
0.1653,0.0005,0.0022,0.0,83.71,6.819999999999999,98.77,0.76,MLP,38,28,KGroups_max,Fvalue,False,0:04:23.199375,0:04:24.766526,lung
0.0023,0.0,0.0021,0.0,62.07,8.77,65.52,1.43,GaussianNB,38,28,KGroups_max,Fvalue,False,0:04:23.199375,0:04:24.766526,lung
0.002,0.0001,0.0047,0.0001,88.17,1.17,90.64,1.73,KNeighbors,39,28,KGroups_max,Fvalue,False,0:04:23.199375,0:04:24.766526,lung
0.0046,0.0001,0.0019,0.0,85.67,4.9,97.54,0.98,LinearSVC,39,28,KGroups_max,Fvalue,False,0:04:23.199375,0:04:24.766526,lung
0.1696,0.0007,0.0083,0.0001,90.62,4.78,100.0,0.0,RandomForest,39,28,KGroups_max,Fvalue,False,0:04:23.199375,0:04:24.766526,lung
0.0915,0.0017,0.0077,0.0001,91.11,4.16,100.0,0.0,XGB,39,28,KGroups_max,Fvalue,False,0:04:23.199375,0:04:24.766526,lung
0.1658,0.0004,0.0022,0.0,91.09,6.7299999999999995,98.4,1.03,MLP,39,28,KGroups_max,Fvalue,False,0:04:23.199375,0:04:24.766526,lung
0.0024,0.0,0.0021,0.0,67.99,9.09,67.36,6.12,GaussianNB,39,28,KGroups_max,Fvalue,False,0:04:23.199375,0:04:24.766526,lung
0.002,0.0001,0.0047,0.0001,91.63,2.18,93.72,0.9299999999999999,KNeighbors,40,31,KGroups_max,Fvalue,False,0:04:23.199375,0:04:24.766526,lung
0.0049,0.0002,0.0019,0.0,91.16,3.65,98.77,0.44,LinearSVC,40,31,KGroups_max,Fvalue,False,0:04:23.199375,0:04:24.766526,lung
0.1687,0.0007,0.0084,0.0001,90.14999999999999,3.47,100.0,0.0,RandomForest,40,31,KGroups_max,Fvalue,False,0:04:23.199375,0:04:24.766526,lung
0.0958,0.0055,0.008,0.0001,90.14999999999999,3.47,100.0,0.0,XGB,40,31,KGroups_max,Fvalue,False,0:04:23.199375,0:04:24.766526,lung
0.166,0.0002,0.0023,0.0,91.63,3.6799999999999997,100.0,0.0,MLP,40,31,KGroups_max,Fvalue,False,0:04:23.199375,0:04:24.766526,lung
0.0024,0.0,0.0021,0.0,64.49000000000001,12.7,68.60000000000001,6.78,GaussianNB,40,31,KGroups_max,Fvalue,False,0:04:23.199375,0:04:24.766526,lung
0.002,0.0001,0.0047,0.0001,89.64999999999999,3.27,91.5,1.34,KNeighbors,41,30,KGroups_max,Fvalue,False,0:04:23.199375,0:04:24.766526,lung
0.0049,0.0002,0.0019,0.0,85.15,10.93,97.04,1.87,LinearSVC,41,30,KGroups_max,Fvalue,False,0:04:23.199375,0:04:24.766526,lung
0.1664,0.001,0.0084,0.0001,91.11,6.01,100.0,0.0,RandomForest,41,30,KGroups_max,Fvalue,False,0:04:23.199375,0:04:24.766526,lung
0.0926,0.0047,0.0078,0.0001,91.12,4.19,100.0,0.0,XGB,41,30,KGroups_max,Fvalue,False,0:04:23.199375,0:04:24.766526,lung
0.1656,0.0005,0.0023,0.0,89.14999999999999,2.8899999999999997,99.14,0.7000000000000001,MLP,41,30,KGroups_max,Fvalue,False,0:04:23.199375,0:04:24.766526,lung
0.0024,0.0,0.0021,0.0,66.5,6.88,71.8,7.430000000000001,GaussianNB,41,30,KGroups_max,Fvalue,False,0:04:23.199375,0:04:24.766526,lung
0.002,0.0001,0.0047,0.0001,90.14999999999999,1.77,92.12,1.09,KNeighbors,42,31,KGroups_max,Fvalue,False,0:04:23.199375,0:04:24.766526,lung
0.005,0.0002,0.0019,0.0001,86.72,8.18,98.65,0.8,LinearSVC,42,31,KGroups_max,Fvalue,False,0:04:23.199375,0:04:24.766526,lung
0.1699,0.0008,0.0084,0.0001,90.62,3.26,100.0,0.0,RandomForest,42,31,KGroups_max,Fvalue,False,0:04:23.199375,0:04:24.766526,lung
0.1016,0.0043,0.008,0.0001,89.17,4.07,100.0,0.0,XGB,42,31,KGroups_max,Fvalue,False,0:04:23.199375,0:04:24.766526,lung
0.1666,0.0004,0.0023,0.0,91.63,1.27,100.0,0.0,MLP,42,31,KGroups_max,Fvalue,False,0:04:23.199375,0:04:24.766526,lung
0.0024,0.0,0.0021,0.0001,64.05999999999999,7.33,66.51,4.760000000000001,GaussianNB,42,31,KGroups_max,Fvalue,False,0:04:23.199375,0:04:24.766526,lung
0.002,0.0001,0.0047,0.0001,89.12,5.800000000000001,92.61,1.17,KNeighbors,43,31,KGroups_max,Fvalue,False,0:04:23.199375,0:04:24.766526,lung
0.0049,0.0001,0.0019,0.0,86.66,7.969999999999999,97.66,0.8099999999999999,LinearSVC,43,31,KGroups_max,Fvalue,False,0:04:23.199375,0:04:24.766526,lung
0.1702,0.0011,0.0084,0.0001,90.63,4.45,100.0,0.0,RandomForest,43,31,KGroups_max,Fvalue,False,0:04:23.199375,0:04:24.766526,lung
0.098,0.0022,0.008,0.0001,88.64999999999999,4.55,100.0,0.0,XGB,43,31,KGroups_max,Fvalue,False,0:04:23.199375,0:04:24.766526,lung
0.1663,0.0005,0.0023,0.0,88.66000000000001,3.74,100.0,0.0,MLP,43,31,KGroups_max,Fvalue,False,0:04:23.199375,0:04:24.766526,lung
0.0024,0.0,0.0021,0.0,64.55,9.86,68.97,5.17,GaussianNB,43,31,KGroups_max,Fvalue,False,0:04:23.199375,0:04:24.766526,lung
0.002,0.0001,0.0047,0.0001,86.71,3.25,89.16,1.55,KNeighbors,44,31,KGroups_max,Fvalue,False,0:04:23.199375,0:04:24.766526,lung
0.0051,0.0002,0.0019,0.0,84.17999999999999,7.24,98.03,1.1900000000000002,LinearSVC,44,31,KGroups_max,Fvalue,False,0:04:23.199375,0:04:24.766526,lung
0.1681,0.0008,0.0085,0.0,87.16000000000001,4.55,100.0,0.0,RandomForest,44,31,KGroups_max,Fvalue,False,0:04:23.199375,0:04:24.766526,lung
0.098,0.0045,0.008,0.0001,89.64999999999999,4.08,100.0,0.0,XGB,44,31,KGroups_max,Fvalue,False,0:04:23.199375,0:04:24.766526,lung
0.167,0.0005,0.0023,0.0,91.12,4.46,99.88,0.27999999999999997,MLP,44,31,KGroups_max,Fvalue,False,0:04:23.199375,0:04:24.766526,lung
0.0024,0.0,0.0021,0.0,59.11,9.48,63.55,1.94,GaussianNB,44,31,KGroups_max,Fvalue,False,0:04:23.199375,0:04:24.766526,lung
0.002,0.0001,0.0047,0.0001,94.07,2.2399999999999998,95.94,0.7100000000000001,KNeighbors,45,33,KGroups_max,Fvalue,False,0:04:23.199375,0:04:24.766526,lung
0.0052,0.0002,0.0019,0.0,89.63,3.2800000000000002,98.52,0.7100000000000001,LinearSVC,45,33,KGroups_max,Fvalue,False,0:04:23.199375,0:04:24.766526,lung
0.1676,0.0011,0.0084,0.0001,92.13,4.02,100.0,0.0,RandomForest,45,33,KGroups_max,Fvalue,False,0:04:23.199375,0:04:24.766526,lung
0.0999,0.0041,0.0084,0.0001,90.63,4.3999999999999995,100.0,0.0,XGB,45,33,KGroups_max,Fvalue,False,0:04:23.199375,0:04:24.766526,lung
0.1683,0.0002,0.0023,0.0,92.61,3.45,99.75,0.33999999999999997,MLP,45,33,KGroups_max,Fvalue,False,0:04:23.199375,0:04:24.766526,lung
0.0024,0.0,0.0021,0.0,60.6,8.4,67.61,6.510000000000001,GaussianNB,45,33,KGroups_max,Fvalue,False,0:04:23.199375,0:04:24.766526,lung
0.002,0.0001,0.0048,0.0001,90.16,3.8699999999999997,91.86999999999999,1.25,KNeighbors,46,34,KGroups_max,Fvalue,False,0:04:23.199375,0:04:24.766526,lung
0.0057,0.0003,0.0019,0.0001,88.16000000000001,3.75,98.64,0.8099999999999999,LinearSVC,46,34,KGroups_max,Fvalue,False,0:04:23.199375,0:04:24.766526,lung
0.1686,0.0006,0.0085,0.0001,89.63,4.45,100.0,0.0,RandomForest,46,34,KGroups_max,Fvalue,False,0:04:23.199375,0:04:24.766526,lung
0.1012,0.0024,0.0086,0.0003,90.13,7.26,100.0,0.0,XGB,46,34,KGroups_max,Fvalue,False,0:04:23.199375,0:04:24.766526,lung
0.1688,0.0005,0.0023,0.0,91.62,5.62,99.88,0.27999999999999997,MLP,46,34,KGroups_max,Fvalue,False,0:04:23.199375,0:04:24.766526,lung
0.0024,0.0001,0.0021,0.0,61.6,8.61,68.10000000000001,3.6900000000000004,GaussianNB,46,34,KGroups_max,Fvalue,False,0:04:23.199375,0:04:24.766526,lung
0.002,0.0001,0.0047,0.0001,91.60000000000001,3.81,94.83,1.35,KNeighbors,47,33,KGroups_max,Fvalue,False,0:04:23.199375,0:04:24.766526,lung
0.0051,0.0001,0.0019,0.0,92.60000000000001,6.03,99.75,0.33999999999999997,LinearSVC,47,33,KGroups_max,Fvalue,False,0:04:23.199375,0:04:24.766526,lung
0.1689,0.0008,0.0085,0.0001,91.12,4.130000000000001,100.0,0.0,RandomForest,47,33,KGroups_max,Fvalue,False,0:04:23.199375,0:04:24.766526,lung
0.0994,0.0028,0.0084,0.0001,93.58999999999999,3.32,100.0,0.0,XGB,47,33,KGroups_max,Fvalue,False,0:04:23.199375,0:04:24.766526,lung
0.1682,0.0007,0.0023,0.0001,93.12,5.800000000000001,99.88,0.27999999999999997,MLP,47,33,KGroups_max,Fvalue,False,0:04:23.199375,0:04:24.766526,lung
0.0024,0.0,0.0021,0.0,66.99000000000001,7.180000000000001,71.31,6.9,GaussianNB,47,33,KGroups_max,Fvalue,False,0:04:23.199375,0:04:24.766526,lung
0.002,0.0001,0.0048,0.0001,90.14999999999999,2.4699999999999998,92.36,0.95,KNeighbors,48,34,KGroups_max,Fvalue,False,0:04:23.199375,0:04:24.766526,lung
0.0058,0.0001,0.0019,0.0,83.73,4.5,98.28,0.6799999999999999,LinearSVC,48,34,KGroups_max,Fvalue,False,0:04:23.199375,0:04:24.766526,lung
0.168,0.001,0.0085,0.0001,87.2,2.0500000000000003,100.0,0.0,RandomForest,48,34,KGroups_max,Fvalue,False,0:04:23.199375,0:04:24.766526,lung
0.1058,0.0021,0.0087,0.0003,87.67,4.71,100.0,0.0,XGB,48,34,KGroups_max,Fvalue,False,0:04:23.199375,0:04:24.766526,lung
0.1685,0.0003,0.0023,0.0,90.14999999999999,3.47,99.63,0.33999999999999997,MLP,48,34,KGroups_max,Fvalue,False,0:04:23.199375,0:04:24.766526,lung
0.0024,0.0,0.0022,0.0,57.620000000000005,9.26,63.17,2.52,GaussianNB,48,34,KGroups_max,Fvalue,False,0:04:23.199375,0:04:24.766526,lung
0.002,0.0001,0.0047,0.0001,90.67,3.11,93.47,2.1999999999999997,KNeighbors,49,34,KGroups_max,Fvalue,False,0:04:23.199375,0:04:24.766526,lung
0.0057,0.0002,0.0019,0.0,89.62,6.0,100.0,0.0,LinearSVC,49,34,KGroups_max,Fvalue,False,0:04:23.199375,0:04:24.766526,lung
0.1657,0.001,0.0084,0.0001,92.62,2.41,100.0,0.0,RandomForest,49,34,KGroups_max,Fvalue,False,0:04:23.199375,0:04:24.766526,lung
0.1029,0.0049,0.0087,0.0003,93.61,2.78,100.0,0.0,XGB,49,34,KGroups_max,Fvalue,False,0:04:23.199375,0:04:24.766526,lung
0.1689,0.0004,0.0023,0.0,92.62,1.68,100.0,0.0,MLP,49,34,KGroups_max,Fvalue,False,0:04:23.199375,0:04:24.766526,lung
0.0024,0.0,0.0021,0.0,61.09,8.07,68.61,8.41,GaussianNB,49,34,KGroups_max,Fvalue,False,0:04:23.199375,0:04:24.766526,lung
0.002,0.0001,0.0047,0.0001,90.16,1.66,93.72,0.8099999999999999,KNeighbors,50,35,KGroups_max,Fvalue,False,0:04:23.199375,0:04:24.766526,lung
0.0055,0.0001,0.0019,0.0001,86.16,5.57,99.88,0.27999999999999997,LinearSVC,50,35,KGroups_max,Fvalue,False,0:04:23.199375,0:04:24.766526,lung
0.1684,0.0016,0.0084,0.0001,92.61,1.73,100.0,0.0,RandomForest,50,35,KGroups_max,Fvalue,False,0:04:23.199375,0:04:24.766526,lung
0.1015,0.0011,0.0087,0.0003,93.10000000000001,4.09,100.0,0.0,XGB,50,35,KGroups_max,Fvalue,False,0:04:23.199375,0:04:24.766526,lung
0.1697,0.0004,0.0023,0.0001,93.60000000000001,2.78,100.0,0.0,MLP,50,35,KGroups_max,Fvalue,False,0:04:23.199375,0:04:24.766526,lung
0.0024,0.0,0.0021,0.0,68.94,8.43,72.54,5.83,GaussianNB,50,35,KGroups_max,Fvalue,False,0:04:23.199375,0:04:24.766526,lung
0.002,0.0001,0.0048,0.0001,89.17,3.26,91.38,1.59,KNeighbors,51,37,KGroups_max,Fvalue,False,0:04:23.199375,0:04:24.766526,lung
0.006,0.0003,0.0019,0.0,86.17,8.15,99.14,0.33999999999999997,LinearSVC,51,37,KGroups_max,Fvalue,False,0:04:23.199375,0:04:24.766526,lung
0.1719,0.0013,0.0083,0.0,91.61,4.859999999999999,100.0,0.0,RandomForest,51,37,KGroups_max,Fvalue,False,0:04:23.199375,0:04:24.766526,lung
0.104,0.0026,0.0091,0.0002,92.61,3.47,100.0,0.0,XGB,51,37,KGroups_max,Fvalue,False,0:04:23.199375,0:04:24.766526,lung
0.1696,0.0002,0.0022,0.0,90.64999999999999,6.3,99.51,0.27999999999999997,MLP,51,37,KGroups_max,Fvalue,False,0:04:23.199375,0:04:24.766526,lung
0.0024,0.0,0.0021,0.0,64.01,11.03,69.08999999999999,5.38,GaussianNB,51,37,KGroups_max,Fvalue,False,0:04:23.199375,0:04:24.766526,lung
0.002,0.0001,0.0047,0.0001,92.60000000000001,4.63,93.84,0.42,KNeighbors,52,35,KGroups_max,Fvalue,False,0:04:23.199375,0:04:24.766526,lung
0.0053,0.0002,0.0019,0.0,90.62,2.77,100.0,0.0,LinearSVC,52,35,KGroups_max,Fvalue,False,0:04:23.199375,0:04:24.766526,lung
0.1696,0.0009,0.0084,0.0001,91.13,2.18,100.0,0.0,RandomForest,52,35,KGroups_max,Fvalue,False,0:04:23.199375,0:04:24.766526,lung
0.1034,0.0042,0.0086,0.0001,93.11,4.390000000000001,100.0,0.0,XGB,52,35,KGroups_max,Fvalue,False,0:04:23.199375,0:04:24.766526,lung
0.1694,0.0004,0.0022,0.0,92.15,3.5900000000000003,100.0,0.0,MLP,52,35,KGroups_max,Fvalue,False,0:04:23.199375,0:04:24.766526,lung
0.0024,0.0,0.0022,0.0001,76.84,9.34,81.28999999999999,4.44,GaussianNB,52,35,KGroups_max,Fvalue,False,0:04:23.199375,0:04:24.766526,lung
0.002,0.0001,0.0047,0.0001,94.08999999999999,2.1999999999999997,94.46,0.63,KNeighbors,53,36,KGroups_max,Fvalue,False,0:04:23.199375,0:04:24.766526,lung
0.0055,0.0001,0.0019,0.0,89.63,5.63,100.0,0.0,LinearSVC,53,36,KGroups_max,Fvalue,False,0:04:23.199375,0:04:24.766526,lung
0.1729,0.0008,0.0084,0.0001,95.06,1.79,100.0,0.0,RandomForest,53,36,KGroups_max,Fvalue,False,0:04:23.199375,0:04:24.766526,lung
0.105,0.0081,0.0089,0.0002,90.61,3.7600000000000002,100.0,0.0,XGB,53,36,KGroups_max,Fvalue,False,0:04:23.199375,0:04:24.766526,lung
0.1689,0.0004,0.0023,0.0001,93.08999999999999,3.2399999999999998,100.0,0.0,MLP,53,36,KGroups_max,Fvalue,False,0:04:23.199375,0:04:24.766526,lung
0.0024,0.0,0.0021,0.0,71.89,6.370000000000001,73.78,5.34,GaussianNB,53,36,KGroups_max,Fvalue,False,0:04:23.199375,0:04:24.766526,lung
0.002,0.0001,0.0047,0.0001,91.63,4.06,93.35,1.27,KNeighbors,54,37,KGroups_max,Fvalue,False,0:04:23.199375,0:04:24.766526,lung
0.0056,0.0001,0.0019,0.0,88.66000000000001,4.53,100.0,0.0,LinearSVC,54,37,KGroups_max,Fvalue,False,0:04:23.199375,0:04:24.766526,lung
0.175,0.0011,0.0083,0.0001,91.66,3.66,100.0,0.0,RandomForest,54,37,KGroups_max,Fvalue,False,0:04:23.199375,0:04:24.766526,lung
0.1119,0.0076,0.009,0.0001,91.12,6.39,100.0,0.0,XGB,54,37,KGroups_max,Fvalue,False,0:04:23.199375,0:04:24.766526,lung
0.1697,0.0006,0.0023,0.0002,90.66,3.15,99.38,0.44,MLP,54,37,KGroups_max,Fvalue,False,0:04:23.199375,0:04:24.766526,lung
0.0025,0.0001,0.0022,0.0001,65.99000000000001,5.26,69.71000000000001,4.130000000000001,GaussianNB,54,37,KGroups_max,Fvalue,False,0:04:23.199375,0:04:24.766526,lung
0.0021,0.0001,0.0049,0.0001,87.68,2.48,89.9,1.48,KNeighbors,55,38,KGroups_max,Fvalue,False,0:04:23.199375,0:04:24.766526,lung
0.0059,0.0003,0.0019,0.0,87.7,6.2,99.63,0.33999999999999997,LinearSVC,55,38,KGroups_max,Fvalue,False,0:04:23.199375,0:04:24.766526,lung
0.177,0.001,0.0088,0.0001,89.64999999999999,2.1,100.0,0.0,RandomForest,55,38,KGroups_max,Fvalue,False,0:04:23.199375,0:04:24.766526,lung
0.1149,0.002,0.0097,0.0003,93.57,3.4000000000000004,100.0,0.0,XGB,55,38,KGroups_max,Fvalue,False,0:04:23.199375,0:04:24.766526,lung
0.171,0.0005,0.0023,0.0001,89.17,4.42,100.0,0.0,MLP,55,38,KGroups_max,Fvalue,False,0:04:23.199375,0:04:24.766526,lung
0.0024,0.0,0.0022,0.0,63.05,8.43,68.23,6.01,GaussianNB,55,38,KGroups_max,Fvalue,False,0:04:23.199375,0:04:24.766526,lung
0.002,0.0001,0.0048,0.0001,90.13,1.8399999999999999,92.97999999999999,1.5699999999999998,KNeighbors,56,39,KGroups_max,Fvalue,False,0:04:23.199375,0:04:24.766526,lung
0.0065,0.0004,0.0019,0.0,91.61,2.27,100.0,0.0,LinearSVC,56,39,KGroups_max,Fvalue,False,0:04:23.199375,0:04:24.766526,lung
0.1716,0.0008,0.0085,0.0001,90.64999999999999,2.01,100.0,0.0,RandomForest,56,39,KGroups_max,Fvalue,False,0:04:23.199375,0:04:24.766526,lung
0.1084,0.0061,0.0094,0.0002,90.61,4.4799999999999995,100.0,0.0,XGB,56,39,KGroups_max,Fvalue,False,0:04:23.199375,0:04:24.766526,lung
0.1713,0.0003,0.0023,0.0,93.56,4.9,100.0,0.0,MLP,56,39,KGroups_max,Fvalue,False,0:04:23.199375,0:04:24.766526,lung
0.0025,0.0001,0.0022,0.0001,70.45,9.89,75.12,4.24,GaussianNB,56,39,KGroups_max,Fvalue,False,0:04:23.199375,0:04:24.766526,lung
0.0021,0.0001,0.0048,0.0001,85.72,6.3,89.77000000000001,2.69,KNeighbors,57,39,KGroups_max,Fvalue,False,0:04:23.199375,0:04:24.766526,lung
0.0067,0.0004,0.0019,0.0,87.66000000000001,3.58,100.0,0.0,LinearSVC,57,39,KGroups_max,Fvalue,False,0:04:23.199375,0:04:24.766526,lung
0.1752,0.0015,0.0084,0.0001,87.18,6.41,100.0,0.0,RandomForest,57,39,KGroups_max,Fvalue,False,0:04:23.199375,0:04:24.766526,lung
0.1278,0.0077,0.0095,0.0002,89.64999999999999,4.08,100.0,0.0,XGB,57,39,KGroups_max,Fvalue,False,0:04:23.199375,0:04:24.766526,lung
0.1712,0.0004,0.0023,0.0001,91.10000000000001,5.18,100.0,0.0,MLP,57,39,KGroups_max,Fvalue,False,0:04:23.199375,0:04:24.766526,lung
0.0025,0.0001,0.0022,0.0,65.98,7.9399999999999995,68.35,4.9799999999999995,GaussianNB,57,39,KGroups_max,Fvalue,False,0:04:23.199375,0:04:24.766526,lung
0.0021,0.0001,0.0048,0.0001,91.13,3.74,93.58999999999999,1.04,KNeighbors,58,39,KGroups_max,Fvalue,False,0:04:23.199375,0:04:24.766526,lung
0.007,0.0006,0.0019,0.0,85.22,13.05,98.28,1.0999999999999999,LinearSVC,58,39,KGroups_max,Fvalue,False,0:04:23.199375,0:04:24.766526,lung
0.1751,0.0005,0.0084,0.0001,91.63,2.18,100.0,0.0,RandomForest,58,39,KGroups_max,Fvalue,False,0:04:23.199375,0:04:24.766526,lung
0.1117,0.0018,0.0094,0.0002,90.14999999999999,4.5600000000000005,100.0,0.0,XGB,58,39,KGroups_max,Fvalue,False,0:04:23.199375,0:04:24.766526,lung
0.1713,0.0004,0.0023,0.0001,89.13,7.359999999999999,100.0,0.0,MLP,58,39,KGroups_max,Fvalue,False,0:04:23.199375,0:04:24.766526,lung
0.0024,0.0,0.0022,0.0001,67.0,8.9,72.3,6.7,GaussianNB,58,39,KGroups_max,Fvalue,False,0:04:23.199375,0:04:24.766526,lung
0.002,0.0001,0.0048,0.0001,90.61,4.12,95.07,1.24,KNeighbors,59,40,KGroups_max,Fvalue,False,0:04:23.199375,0:04:24.766526,lung
0.0064,0.0005,0.0019,0.0,86.66,6.54,99.88,0.27999999999999997,LinearSVC,59,40,KGroups_max,Fvalue,False,0:04:23.199375,0:04:24.766526,lung
0.1773,0.0009,0.0085,0.0,91.61,4.2,100.0,0.0,RandomForest,59,40,KGroups_max,Fvalue,False,0:04:23.199375,0:04:24.766526,lung
0.1241,0.004,0.0096,0.0002,89.13,3.8699999999999997,100.0,0.0,XGB,59,40,KGroups_max,Fvalue,False,0:04:23.199375,0:04:24.766526,lung
0.1712,0.0003,0.0023,0.0001,92.56,4.73,100.0,0.0,MLP,59,40,KGroups_max,Fvalue,False,0:04:23.199375,0:04:24.766526,lung
0.0024,0.0,0.0022,0.0001,62.519999999999996,6.140000000000001,67.0,7.739999999999999,GaussianNB,59,40,KGroups_max,Fvalue,False,0:04:23.199375,0:04:24.766526,lung
0.0021,0.0001,0.0048,0.0001,91.62,1.37,94.08999999999999,1.1900000000000002,KNeighbors,60,42,KGroups_max,Fvalue,False,0:04:23.199375,0:04:24.766526,lung
0.0069,0.0004,0.0019,0.0,89.17,4.07,100.0,0.0,LinearSVC,60,42,KGroups_max,Fvalue,False,0:04:23.199375,0:04:24.766526,lung
0.1724,0.0009,0.0085,0.0002,91.62,2.21,100.0,0.0,RandomForest,60,42,KGroups_max,Fvalue,False,0:04:23.199375,0:04:24.766526,lung
0.1145,0.0024,0.0099,0.0002,90.16999999999999,3.39,100.0,0.0,XGB,60,42,KGroups_max,Fvalue,False,0:04:23.199375,0:04:24.766526,lung
0.1726,0.0004,0.0023,0.0,93.08999999999999,2.1399999999999997,99.63,0.33999999999999997,MLP,60,42,KGroups_max,Fvalue,False,0:04:23.199375,0:04:24.766526,lung
0.0025,0.0,0.0022,0.0,70.87,13.239999999999998,75.75,5.47,GaussianNB,60,42,KGroups_max,Fvalue,False,0:04:23.199375,0:04:24.766526,lung
0.0021,0.0001,0.0048,0.0001,92.11,3.65,93.47,1.55,KNeighbors,61,41,KGroups_max,Fvalue,False,0:04:23.199375,0:04:24.766526,lung
0.0071,0.0004,0.002,0.0001,91.13,4.46,99.88,0.27999999999999997,LinearSVC,61,41,KGroups_max,Fvalue,False,0:04:23.199375,0:04:24.766526,lung
0.174,0.0011,0.0084,0.0001,89.16,1.38,100.0,0.0,RandomForest,61,41,KGroups_max,Fvalue,False,0:04:23.199375,0:04:24.766526,lung
0.1182,0.0023,0.0097,0.0001,90.16,1.66,100.0,0.0,XGB,61,41,KGroups_max,Fvalue,False,0:04:23.199375,0:04:24.766526,lung
0.173,0.0004,0.0023,0.0001,92.58999999999999,2.56,100.0,0.0,MLP,61,41,KGroups_max,Fvalue,False,0:04:23.199375,0:04:24.766526,lung
0.0024,0.0,0.0022,0.0,70.94,7.630000000000001,75.13,6.16,GaussianNB,61,41,KGroups_max,Fvalue,False,0:04:23.199375,0:04:24.766526,lung
0.002,0.0001,0.0048,0.0001,93.10000000000001,3.2199999999999998,95.19999999999999,0.8,KNeighbors,62,42,KGroups_max,Fvalue,False,0:04:23.199375,0:04:24.766526,lung
0.0066,0.0002,0.002,0.0001,91.11,5.12,100.0,0.0,LinearSVC,62,42,KGroups_max,Fvalue,False,0:04:23.199375,0:04:24.766526,lung
0.1748,0.001,0.0085,0.0004,95.57,3.61,100.0,0.0,RandomForest,62,42,KGroups_max,Fvalue,False,0:04:23.199375,0:04:24.766526,lung
0.1124,0.0041,0.01,0.0003,94.08999999999999,2.1999999999999997,100.0,0.0,XGB,62,42,KGroups_max,Fvalue,False,0:04:23.199375,0:04:24.766526,lung
0.1715,0.0004,0.0022,0.0,94.07,4.19,100.0,0.0,MLP,62,42,KGroups_max,Fvalue,False,0:04:23.199375,0:04:24.766526,lung
0.0025,0.0,0.0022,0.0,70.89,13.089999999999998,71.92,5.66,GaussianNB,62,42,KGroups_max,Fvalue,False,0:04:23.199375,0:04:24.766526,lung
0.0021,0.0001,0.0048,0.0001,90.13,2.52,91.86999999999999,0.52,KNeighbors,63,42,KGroups_max,Fvalue,False,0:04:23.199375,0:04:24.766526,lung
0.0068,0.0003,0.0019,0.0,88.2,4.71,100.0,0.0,LinearSVC,63,42,KGroups_max,Fvalue,False,0:04:23.199375,0:04:24.766526,lung
0.1733,0.0011,0.0084,0.0001,91.11,3.83,100.0,0.0,RandomForest,63,42,KGroups_max,Fvalue,False,0:04:23.199375,0:04:24.766526,lung
0.1166,0.0043,0.01,0.0003,91.61,2.87,100.0,0.0,XGB,63,42,KGroups_max,Fvalue,False,0:04:23.199375,0:04:24.766526,lung
0.1722,0.0004,0.0023,0.0,90.16,1.66,100.0,0.0,MLP,63,42,KGroups_max,Fvalue,False,0:04:23.199375,0:04:24.766526,lung
0.0025,0.0,0.0022,0.0,69.46,4.71,72.3,5.6899999999999995,GaussianNB,63,42,KGroups_max,Fvalue,False,0:04:23.199375,0:04:24.766526,lung
0.002,0.0001,0.0048,0.0001,92.13,4.02,94.21000000000001,0.33,KNeighbors,64,42,KGroups_max,Fvalue,False,0:04:23.199375,0:04:24.766526,lung
0.0065,0.0002,0.0019,0.0,86.65,9.13,99.51,0.52,LinearSVC,64,42,KGroups_max,Fvalue,False,0:04:23.199375,0:04:24.766526,lung
0.1764,0.0004,0.0084,0.0001,91.14999999999999,2.76,100.0,0.0,RandomForest,64,42,KGroups_max,Fvalue,False,0:04:23.199375,0:04:24.766526,lung
0.1227,0.0043,0.01,0.0002,87.66000000000001,2.62,100.0,0.0,XGB,64,42,KGroups_max,Fvalue,False,0:04:23.199375,0:04:24.766526,lung
0.1724,0.0004,0.0022,0.0,91.62,3.3300000000000005,100.0,0.0,MLP,64,42,KGroups_max,Fvalue,False,0:04:23.199375,0:04:24.766526,lung
0.0025,0.0001,0.0022,0.0001,67.43,8.43,71.06,6.3,GaussianNB,64,42,KGroups_max,Fvalue,False,0:04:23.199375,0:04:24.766526,lung
0.0021,0.0001,0.0048,0.0001,91.63,4.08,93.35,0.52,KNeighbors,65,44,KGroups_max,Fvalue,False,0:04:23.199375,0:04:24.766526,lung
0.0079,0.0005,0.0019,0.0,87.16000000000001,4.21,99.51,0.52,LinearSVC,65,44,KGroups_max,Fvalue,False,0:04:23.199375,0:04:24.766526,lung
0.1739,0.0012,0.0084,0.0001,93.08999999999999,3.7199999999999998,100.0,0.0,RandomForest,65,44,KGroups_max,Fvalue,False,0:04:23.199375,0:04:24.766526,lung
0.1214,0.0059,0.0102,0.0001,93.58999999999999,2.26,100.0,0.0,XGB,65,44,KGroups_max,Fvalue,False,0:04:23.199375,0:04:24.766526,lung
0.1739,0.0003,0.0023,0.0001,91.62,1.37,99.63,0.33999999999999997,MLP,65,44,KGroups_max,Fvalue,False,0:04:23.199375,0:04:24.766526,lung
0.0025,0.0,0.0023,0.0001,63.06,10.67,68.22,6.63,GaussianNB,65,44,KGroups_max,Fvalue,False,0:04:23.199375,0:04:24.766526,lung
0.0021,0.0001,0.0048,0.0001,90.63,5.949999999999999,93.22,1.53,KNeighbors,66,45,KGroups_max,Fvalue,False,0:04:23.199375,0:04:24.766526,lung
0.0078,0.0005,0.002,0.0,86.68,7.290000000000001,99.88,0.27,LinearSVC,66,45,KGroups_max,Fvalue,False,0:04:23.199375,0:04:24.766526,lung
0.1741,0.0014,0.0084,0.0001,93.61,4.08,100.0,0.0,RandomForest,66,45,KGroups_max,Fvalue,False,0:04:23.199375,0:04:24.766526,lung
0.1217,0.0045,0.0105,0.0004,91.14999999999999,3.2300000000000004,100.0,0.0,XGB,66,45,KGroups_max,Fvalue,False,0:04:23.199375,0:04:24.766526,lung
0.1745,0.0003,0.0023,0.0,91.12,4.4799999999999995,100.0,0.0,MLP,66,45,KGroups_max,Fvalue,False,0:04:23.199375,0:04:24.766526,lung
0.0025,0.0,0.0022,0.0,69.49,7.380000000000001,74.88,4.96,GaussianNB,66,45,KGroups_max,Fvalue,False,0:04:23.199375,0:04:24.766526,lung
0.002,0.0001,0.0048,0.0001,94.55,4.8,95.94,0.83,KNeighbors,67,44,KGroups_max,Fvalue,False,0:04:23.199375,0:04:24.766526,lung
0.0075,0.0006,0.0019,0.0001,90.07,7.340000000000001,100.0,0.0,LinearSVC,67,44,KGroups_max,Fvalue,False,0:04:23.199375,0:04:24.766526,lung
0.1772,0.0013,0.0085,0.0001,94.07,2.2399999999999998,100.0,0.0,RandomForest,67,44,KGroups_max,Fvalue,False,0:04:23.199375,0:04:24.766526,lung
0.1221,0.0024,0.0102,0.0002,92.57,3.5999999999999996,100.0,0.0,XGB,67,44,KGroups_max,Fvalue,False,0:04:23.199375,0:04:24.766526,lung
0.1743,0.0004,0.0023,0.0,91.59,4.569999999999999,100.0,0.0,MLP,67,44,KGroups_max,Fvalue,False,0:04:23.199375,0:04:24.766526,lung
0.0025,0.0,0.0022,0.0001,71.39999999999999,7.28,75.0,5.25,GaussianNB,67,44,KGroups_max,Fvalue,False,0:04:23.199375,0:04:24.766526,lung
0.0021,0.0001,0.0048,0.0001,92.60000000000001,2.5,93.47,0.36,KNeighbors,68,45,KGroups_max,Fvalue,False,0:04:23.199375,0:04:24.766526,lung
0.0081,0.0008,0.0019,0.0,89.63,4.5,100.0,0.0,LinearSVC,68,45,KGroups_max,Fvalue,False,0:04:23.199375,0:04:24.766526,lung
0.1745,0.0013,0.0084,0.0001,93.58999999999999,2.81,100.0,0.0,RandomForest,68,45,KGroups_max,Fvalue,False,0:04:23.199375,0:04:24.766526,lung
0.1168,0.0024,0.0104,0.0001,92.58999999999999,5.0,100.0,0.0,XGB,68,45,KGroups_max,Fvalue,False,0:04:23.199375,0:04:24.766526,lung
0.1746,0.0005,0.0023,0.0001,91.60000000000001,3.39,99.75,0.5499999999999999,MLP,68,45,KGroups_max,Fvalue,False,0:04:23.199375,0:04:24.766526,lung
0.0025,0.0,0.0022,0.0,68.56,11.43,74.86,13.459999999999999,GaussianNB,68,45,KGroups_max,Fvalue,False,0:04:23.199375,0:04:24.766526,lung
0.0021,0.0001,0.0048,0.0001,93.57,2.87,95.32000000000001,0.9400000000000001,KNeighbors,69,45,KGroups_max,Fvalue,False,0:04:23.199375,0:04:24.766526,lung
0.008,0.0005,0.002,0.0,89.14999999999999,9.26,100.0,0.0,LinearSVC,69,45,KGroups_max,Fvalue,False,0:04:23.199375,0:04:24.766526,lung
0.1723,0.0012,0.0084,0.0001,93.57,2.87,100.0,0.0,RandomForest,69,45,KGroups_max,Fvalue,False,0:04:23.199375,0:04:24.766526,lung
0.1182,0.0054,0.0103,0.0,91.12,3.3300000000000005,100.0,0.0,XGB,69,45,KGroups_max,Fvalue,False,0:04:23.199375,0:04:24.766526,lung
0.1751,0.0002,0.0023,0.0001,92.09,5.67,100.0,0.0,MLP,69,45,KGroups_max,Fvalue,False,0:04:23.199375,0:04:24.766526,lung
0.0025,0.0001,0.0022,0.0001,69.45,9.34,71.92,5.140000000000001,GaussianNB,69,45,KGroups_max,Fvalue,False,0:04:23.199375,0:04:24.766526,lung
0.0021,0.0001,0.0048,0.0001,93.62,2.74,95.57,1.11,KNeighbors,70,47,KGroups_max,Fvalue,False,0:04:23.199375,0:04:24.766526,lung
0.0089,0.0007,0.002,0.0,88.67,7.090000000000001,99.88,0.27999999999999997,LinearSVC,70,47,KGroups_max,Fvalue,False,0:04:23.199375,0:04:24.766526,lung
0.1744,0.0008,0.0084,0.0,92.63,3.84,100.0,0.0,RandomForest,70,47,KGroups_max,Fvalue,False,0:04:23.199375,0:04:24.766526,lung
0.1264,0.0018,0.0108,0.0002,93.10000000000001,2.69,100.0,0.0,XGB,70,47,KGroups_max,Fvalue,False,0:04:23.199375,0:04:24.766526,lung
0.1762,0.0007,0.0023,0.0,92.61,4.89,100.0,0.0,MLP,70,47,KGroups_max,Fvalue,False,0:04:23.199375,0:04:24.766526,lung
0.0025,0.0001,0.0022,0.0,68.44,8.290000000000001,74.51,5.36,GaussianNB,70,47,KGroups_max,Fvalue,False,0:04:23.199375,0:04:24.766526,lung
0.0021,0.0001,0.0048,0.0001,92.60000000000001,1.81,96.17999999999999,1.02,KNeighbors,71,47,KGroups_max,Fvalue,False,0:04:23.199375,0:04:24.766526,lung
0.0087,0.0005,0.002,0.0,88.62,7.22,100.0,0.0,LinearSVC,71,47,KGroups_max,Fvalue,False,0:04:23.199375,0:04:24.766526,lung
0.1727,0.0014,0.0085,0.0002,91.62,2.21,100.0,0.0,RandomForest,71,47,KGroups_max,Fvalue,False,0:04:23.199375,0:04:24.766526,lung
0.1228,0.0023,0.0107,0.0001,88.18,2.01,100.0,0.0,XGB,71,47,KGroups_max,Fvalue,False,0:04:23.199375,0:04:24.766526,lung
0.1755,0.0003,0.0023,0.0,93.05,5.46,100.0,0.0,MLP,71,47,KGroups_max,Fvalue,False,0:04:23.199375,0:04:24.766526,lung
0.0025,0.0001,0.0022,0.0001,68.51,8.540000000000001,74.51,7.4399999999999995,GaussianNB,71,47,KGroups_max,Fvalue,False,0:04:23.199375,0:04:24.766526,lung
0.0021,0.0001,0.0048,0.0001,90.61,4.8,94.08999999999999,0.84,KNeighbors,72,47,KGroups_max,Fvalue,False,0:04:23.199375,0:04:24.766526,lung
0.0082,0.0002,0.002,0.0001,87.67,3.0700000000000003,100.0,0.0,LinearSVC,72,47,KGroups_max,Fvalue,False,0:04:23.199375,0:04:24.766526,lung
0.1749,0.0006,0.0084,0.0001,91.14999999999999,2.76,100.0,0.0,RandomForest,72,47,KGroups_max,Fvalue,False,0:04:23.199375,0:04:24.766526,lung
0.1312,0.005,0.0107,0.0001,88.16000000000001,4.44,100.0,0.0,XGB,72,47,KGroups_max,Fvalue,False,0:04:23.199375,0:04:24.766526,lung
0.1762,0.0002,0.0023,0.0001,93.10000000000001,3.2199999999999998,100.0,0.0,MLP,72,47,KGroups_max,Fvalue,False,0:04:23.199375,0:04:24.766526,lung
0.0025,0.0,0.0022,0.0,64.49000000000001,8.93,71.43,4.83,GaussianNB,72,47,KGroups_max,Fvalue,False,0:04:23.199375,0:04:24.766526,lung
0.0021,0.0001,0.0048,0.0001,94.08999999999999,1.37,93.72,1.18,KNeighbors,73,46,KGroups_max,Fvalue,False,0:04:23.199375,0:04:24.766526,lung
0.0087,0.0009,0.0019,0.0,86.7,3.7199999999999998,99.75,0.33999999999999997,LinearSVC,73,46,KGroups_max,Fvalue,False,0:04:23.199375,0:04:24.766526,lung
0.1757,0.001,0.0084,0.0,93.10000000000001,2.1,100.0,0.0,RandomForest,73,46,KGroups_max,Fvalue,False,0:04:23.199375,0:04:24.766526,lung
0.1235,0.007,0.0106,0.0001,92.62,2.96,100.0,0.0,XGB,73,46,KGroups_max,Fvalue,False,0:04:23.199375,0:04:24.766526,lung
0.1752,0.0006,0.0023,0.0001,95.1,2.96,100.0,0.0,MLP,73,46,KGroups_max,Fvalue,False,0:04:23.199375,0:04:24.766526,lung
0.0025,0.0,0.0022,0.0001,66.94,7.4399999999999995,70.69,4.77,GaussianNB,73,46,KGroups_max,Fvalue,False,0:04:23.199375,0:04:24.766526,lung
0.0021,0.0001,0.0048,0.0001,92.10000000000001,3.26,94.08999999999999,1.3599999999999999,KNeighbors,74,48,KGroups_max,Fvalue,False,0:04:23.199375,0:04:24.766526,lung
0.0095,0.0004,0.002,0.0,87.66000000000001,7.8100000000000005,100.0,0.0,LinearSVC,74,48,KGroups_max,Fvalue,False,0:04:23.199375,0:04:24.766526,lung
0.1757,0.0016,0.0085,0.0002,91.12,5.37,100.0,0.0,RandomForest,74,48,KGroups_max,Fvalue,False,0:04:23.199375,0:04:24.766526,lung
0.1276,0.0068,0.0108,0.0,94.08999999999999,4.47,100.0,0.0,XGB,74,48,KGroups_max,Fvalue,False,0:04:23.199375,0:04:24.766526,lung
0.1751,0.0002,0.0023,0.0,95.07,2.4699999999999998,100.0,0.0,MLP,74,48,KGroups_max,Fvalue,False,0:04:23.199375,0:04:24.766526,lung
0.0025,0.0,0.0022,0.0,72.89,3.2,76.24,7.33,GaussianNB,74,48,KGroups_max,Fvalue,False,0:04:23.199375,0:04:24.766526,lung
0.0021,0.0001,0.0048,0.0001,93.07,3.29,94.83,0.33,KNeighbors,75,48,KGroups_max,Fvalue,False,0:04:23.199375,0:04:24.766526,lung
0.0092,0.0007,0.002,0.0,89.64999999999999,4.43,100.0,0.0,LinearSVC,75,48,KGroups_max,Fvalue,False,0:04:23.199375,0:04:24.766526,lung
0.1762,0.0012,0.0085,0.0002,92.11,2.09,100.0,0.0,RandomForest,75,48,KGroups_max,Fvalue,False,0:04:23.199375,0:04:24.766526,lung
0.1288,0.0057,0.0109,0.0001,93.57,2.3,100.0,0.0,XGB,75,48,KGroups_max,Fvalue,False,0:04:23.199375,0:04:24.766526,lung
0.1751,0.0003,0.0023,0.0001,91.10000000000001,3.8600000000000003,100.0,0.0,MLP,75,48,KGroups_max,Fvalue,False,0:04:23.199375,0:04:24.766526,lung
0.0025,0.0,0.0022,0.0001,74.87,6.88,79.56,6.550000000000001,GaussianNB,75,48,KGroups_max,Fvalue,False,0:04:23.199375,0:04:24.766526,lung
0.0021,0.0001,0.0048,0.0001,91.62,2.8000000000000003,93.10000000000001,0.9199999999999999,KNeighbors,76,50,KGroups_max,Fvalue,False,0:04:23.199375,0:04:24.766526,lung
0.0096,0.0008,0.002,0.0001,85.22999999999999,8.709999999999999,100.0,0.0,LinearSVC,76,50,KGroups_max,Fvalue,False,0:04:23.199375,0:04:24.766526,lung
0.1812,0.0005,0.0084,0.0001,92.60000000000001,1.81,100.0,0.0,RandomForest,76,50,KGroups_max,Fvalue,False,0:04:23.199375,0:04:24.766526,lung
0.13,0.0035,0.0114,0.0002,94.57,3.25,100.0,0.0,XGB,76,50,KGroups_max,Fvalue,False,0:04:23.199375,0:04:24.766526,lung
0.1772,0.0002,0.0023,0.0001,93.10000000000001,2.7199999999999998,100.0,0.0,MLP,76,50,KGroups_max,Fvalue,False,0:04:23.199375,0:04:24.766526,lung
0.0026,0.0,0.0023,0.0001,68.46,8.690000000000001,74.38,5.19,GaussianNB,76,50,KGroups_max,Fvalue,False,0:04:23.199375,0:04:24.766526,lung
0.0021,0.0001,0.0048,0.0001,90.18,3.7900000000000005,93.96,1.2,KNeighbors,77,50,KGroups_max,Fvalue,False,0:04:23.199375,0:04:24.766526,lung
0.0098,0.0006,0.002,0.0,88.14999999999999,5.390000000000001,100.0,0.0,LinearSVC,77,50,KGroups_max,Fvalue,False,0:04:23.199375,0:04:24.766526,lung
0.18,0.001,0.0085,0.0001,91.13,2.83,100.0,0.0,RandomForest,77,50,KGroups_max,Fvalue,False,0:04:23.199375,0:04:24.766526,lung
0.1286,0.0025,0.0113,0.0002,90.63,4.04,100.0,0.0,XGB,77,50,KGroups_max,Fvalue,False,0:04:23.199375,0:04:24.766526,lung
0.1775,0.0003,0.0023,0.0,90.16,5.43,100.0,0.0,MLP,77,50,KGroups_max,Fvalue,False,0:04:23.199375,0:04:24.766526,lung
0.0025,0.0,0.0022,0.0,71.89,6.890000000000001,76.73,6.49,GaussianNB,77,50,KGroups_max,Fvalue,False,0:04:23.199375,0:04:24.766526,lung
0.0021,0.0001,0.0048,0.0001,92.10000000000001,3.71,94.69999999999999,1.4200000000000002,KNeighbors,78,49,KGroups_max,Fvalue,False,0:04:23.199375,0:04:24.766526,lung
0.0093,0.0007,0.002,0.0,88.66000000000001,2.25,100.0,0.0,LinearSVC,78,49,KGroups_max,Fvalue,False,0:04:23.199375,0:04:24.766526,lung
0.1797,0.0006,0.0085,0.0002,91.13,2.78,100.0,0.0,RandomForest,78,49,KGroups_max,Fvalue,False,0:04:23.199375,0:04:24.766526,lung
0.1304,0.0043,0.0112,0.0002,93.11,3.61,100.0,0.0,XGB,78,49,KGroups_max,Fvalue,False,0:04:23.199375,0:04:24.766526,lung
0.1765,0.0005,0.0023,0.0001,90.13,3.91,100.0,0.0,MLP,78,49,KGroups_max,Fvalue,False,0:04:23.199375,0:04:24.766526,lung
0.0025,0.0,0.0023,0.0001,80.27,9.120000000000001,83.87,5.16,GaussianNB,78,49,KGroups_max,Fvalue,False,0:04:23.199375,0:04:24.766526,lung
0.0021,0.0001,0.0048,0.0001,92.62,4.21,93.35,0.79,KNeighbors,79,51,KGroups_max,Fvalue,False,0:04:23.199375,0:04:24.766526,lung
0.0092,0.0006,0.002,0.0,94.57,3.25,100.0,0.0,LinearSVC,79,51,KGroups_max,Fvalue,False,0:04:23.199375,0:04:24.766526,lung
0.1806,0.0016,0.0085,0.0001,91.16,5.050000000000001,100.0,0.0,RandomForest,79,51,KGroups_max,Fvalue,False,0:04:23.199375,0:04:24.766526,lung
0.1291,0.0014,0.0114,0.0002,94.11,2.75,100.0,0.0,XGB,79,51,KGroups_max,Fvalue,False,0:04:23.199375,0:04:24.766526,lung
0.1782,0.0003,0.0023,0.0,93.11,2.02,100.0,0.0,MLP,79,51,KGroups_max,Fvalue,False,0:04:23.199375,0:04:24.766526,lung
0.0025,0.0001,0.0022,0.0001,60.099999999999994,8.99,69.08999999999999,7.470000000000001,GaussianNB,79,51,KGroups_max,Fvalue,False,0:04:23.199375,0:04:24.766526,lung
0.0021,0.0001,0.0048,0.0001,91.14999999999999,2.76,94.21000000000001,0.7100000000000001,KNeighbors,80,52,KGroups_max,Fvalue,False,0:04:23.199375,0:04:24.766526,lung
0.0102,0.0005,0.0021,0.0001,91.16,5.34,100.0,0.0,LinearSVC,80,52,KGroups_max,Fvalue,False,0:04:23.199375,0:04:24.766526,lung
0.1808,0.0007,0.0085,0.0002,91.13,4.43,100.0,0.0,RandomForest,80,52,KGroups_max,Fvalue,False,0:04:23.199375,0:04:24.766526,lung
0.1394,0.0073,0.0115,0.0001,90.14999999999999,4.9,100.0,0.0,XGB,80,52,KGroups_max,Fvalue,False,0:04:23.199375,0:04:24.766526,lung
0.178,0.0004,0.0023,0.0,93.60000000000001,2.18,100.0,0.0,MLP,80,52,KGroups_max,Fvalue,False,0:04:23.199375,0:04:24.766526,lung
0.0025,0.0,0.0022,0.0,70.38,10.76,74.14,5.29,GaussianNB,80,52,KGroups_max,Fvalue,False,0:04:23.199375,0:04:24.766526,lung
0.0021,0.0001,0.0048,0.0001,93.57,2.3,94.69999999999999,1.04,KNeighbors,81,52,KGroups_max,Fvalue,False,0:04:23.199375,0:04:24.766526,lung
0.0105,0.0005,0.002,0.0,95.09,2.42,100.0,0.0,LinearSVC,81,52,KGroups_max,Fvalue,False,0:04:23.199375,0:04:24.766526,lung
0.1789,0.0008,0.0084,0.0001,95.54,3.71,100.0,0.0,RandomForest,81,52,KGroups_max,Fvalue,False,0:04:23.199375,0:04:24.766526,lung
0.1286,0.0025,0.0116,0.0001,94.07,3.7600000000000002,100.0,0.0,XGB,81,52,KGroups_max,Fvalue,False,0:04:23.199375,0:04:24.766526,lung
0.1776,0.0005,0.0023,0.0001,93.12,2.6599999999999997,100.0,0.0,MLP,81,52,KGroups_max,Fvalue,False,0:04:23.199375,0:04:24.766526,lung
0.0025,0.0,0.0022,0.0,81.3,7.02,83.24000000000001,9.2,GaussianNB,81,52,KGroups_max,Fvalue,False,0:04:23.199375,0:04:24.766526,lung
0.0021,0.0001,0.0049,0.0001,90.63,2.7,92.73,1.2,KNeighbors,82,53,KGroups_max,Fvalue,False,0:04:23.199375,0:04:24.766526,lung
0.0111,0.0006,0.002,0.0,85.67,4.590000000000001,99.51,0.52,LinearSVC,82,53,KGroups_max,Fvalue,False,0:04:23.199375,0:04:24.766526,lung
0.181,0.001,0.0085,0.0001,90.62,2.77,100.0,0.0,RandomForest,82,53,KGroups_max,Fvalue,False,0:04:23.199375,0:04:24.766526,lung
0.1381,0.0055,0.0118,0.0002,92.10000000000001,3.71,100.0,0.0,XGB,82,53,KGroups_max,Fvalue,False,0:04:23.199375,0:04:24.766526,lung
0.1791,0.0005,0.0023,0.0,89.14999999999999,4.16,100.0,0.0,MLP,82,53,KGroups_max,Fvalue,False,0:04:23.199375,0:04:24.766526,lung
0.0025,0.0001,0.0022,0.0,67.49000000000001,8.05,71.06,8.61,GaussianNB,82,53,KGroups_max,Fvalue,False,0:04:23.199375,0:04:24.766526,lung
0.0021,0.0001,0.0049,0.0001,92.11,3.26,94.95,0.8099999999999999,KNeighbors,83,52,KGroups_max,Fvalue,False,0:04:23.199375,0:04:24.766526,lung
0.0119,0.0011,0.002,0.0,88.62,5.779999999999999,100.0,0.0,LinearSVC,83,52,KGroups_max,Fvalue,False,0:04:23.199375,0:04:24.766526,lung
0.1816,0.0011,0.0085,0.0001,92.11,3.26,100.0,0.0,RandomForest,83,52,KGroups_max,Fvalue,False,0:04:23.199375,0:04:24.766526,lung
0.1393,0.0085,0.0115,0.0001,91.10000000000001,3.4299999999999997,100.0,0.0,XGB,83,52,KGroups_max,Fvalue,False,0:04:23.199375,0:04:24.766526,lung
0.1782,0.0004,0.0023,0.0001,94.07,3.74,100.0,0.0,MLP,83,52,KGroups_max,Fvalue,False,0:04:23.199375,0:04:24.766526,lung
0.0025,0.0,0.0023,0.0001,71.91,4.89,75.0,5.08,GaussianNB,83,52,KGroups_max,Fvalue,False,0:04:23.199375,0:04:24.766526,lung
0.0021,0.0001,0.0048,0.0001,94.1,2.19,95.44,0.35000000000000003,KNeighbors,84,53,KGroups_max,Fvalue,False,0:04:23.199375,0:04:24.766526,lung
0.0111,0.0009,0.002,0.0,90.63,2.73,100.0,0.0,LinearSVC,84,53,KGroups_max,Fvalue,False,0:04:23.199375,0:04:24.766526,lung
0.1786,0.0013,0.0085,0.0002,93.10000000000001,2.69,100.0,0.0,RandomForest,84,53,KGroups_max,Fvalue,False,0:04:23.199375,0:04:24.766526,lung
0.1298,0.0029,0.0118,0.0001,92.61,3.47,100.0,0.0,XGB,84,53,KGroups_max,Fvalue,False,0:04:23.199375,0:04:24.766526,lung
0.1791,0.0004,0.0023,0.0001,92.57,3.9899999999999998,100.0,0.0,MLP,84,53,KGroups_max,Fvalue,False,0:04:23.199375,0:04:24.766526,lung
0.0025,0.0,0.0022,0.0,71.45,8.48,78.45,5.029999999999999,GaussianNB,84,53,KGroups_max,Fvalue,False,0:04:23.199375,0:04:24.766526,lung
0.0021,0.0001,0.0048,0.0001,90.13,1.8399999999999999,93.72,1.02,KNeighbors,85,54,KGroups_max,Fvalue,False,0:04:23.199375,0:04:24.766526,lung
0.0116,0.0011,0.002,0.0,88.66000000000001,5.43,100.0,0.0,LinearSVC,85,54,KGroups_max,Fvalue,False,0:04:23.199375,0:04:24.766526,lung
0.1794,0.001,0.0084,0.0001,91.62,4.4799999999999995,100.0,0.0,RandomForest,85,54,KGroups_max,Fvalue,False,0:04:23.199375,0:04:24.766526,lung
0.1374,0.0025,0.012,0.0002,94.08999999999999,2.8000000000000003,100.0,0.0,XGB,85,54,KGroups_max,Fvalue,False,0:04:23.199375,0:04:24.766526,lung
0.1791,0.0003,0.0023,0.0,91.62,2.21,100.0,0.0,MLP,85,54,KGroups_max,Fvalue,False,0:04:23.199375,0:04:24.766526,lung
0.0026,0.0001,0.0023,0.0001,68.96,9.94,75.0,5.11,GaussianNB,85,54,KGroups_max,Fvalue,False,0:04:23.199375,0:04:24.766526,lung
0.0021,0.0001,0.0049,0.0001,93.10000000000001,3.2199999999999998,95.07,0.88,KNeighbors,86,55,KGroups_max,Fvalue,False,0:04:23.199375,0:04:24.766526,lung
0.0111,0.0021,0.002,0.0,84.7,5.779999999999999,100.0,0.0,LinearSVC,86,55,KGroups_max,Fvalue,False,0:04:23.199375,0:04:24.766526,lung
0.1821,0.0016,0.0085,0.0001,92.11,1.18,100.0,0.0,RandomForest,86,55,KGroups_max,Fvalue,False,0:04:23.199375,0:04:24.766526,lung
0.1421,0.0024,0.012,0.0,91.10000000000001,4.569999999999999,100.0,0.0,XGB,86,55,KGroups_max,Fvalue,False,0:04:23.199375,0:04:24.766526,lung
0.1802,0.0005,0.0023,0.0,94.06,2.8899999999999997,100.0,0.0,MLP,86,55,KGroups_max,Fvalue,False,0:04:23.199375,0:04:24.766526,lung
0.0025,0.0,0.0022,0.0,70.45,7.59,75.74,3.6700000000000004,GaussianNB,86,55,KGroups_max,Fvalue,False,0:04:23.199375,0:04:24.766526,lung
0.0021,0.0001,0.0048,0.0001,91.61,5.96,93.58999999999999,1.13,KNeighbors,87,55,KGroups_max,Fvalue,False,0:04:23.199375,0:04:24.766526,lung
0.0117,0.001,0.002,0.0,88.63,4.25,100.0,0.0,LinearSVC,87,55,KGroups_max,Fvalue,False,0:04:23.199375,0:04:24.766526,lung
0.1825,0.0011,0.0085,0.0002,92.58999999999999,4.37,100.0,0.0,RandomForest,87,55,KGroups_max,Fvalue,False,0:04:23.199375,0:04:24.766526,lung
0.1398,0.0023,0.0121,0.0001,94.1,4.09,100.0,0.0,XGB,87,55,KGroups_max,Fvalue,False,0:04:23.199375,0:04:24.766526,lung
0.1793,0.0002,0.0024,0.0003,91.61,3.7699999999999996,100.0,0.0,MLP,87,55,KGroups_max,Fvalue,False,0:04:23.199375,0:04:24.766526,lung
0.0025,0.0001,0.0023,0.0001,69.45,6.64,74.26,7.000000000000001,GaussianNB,87,55,KGroups_max,Fvalue,False,0:04:23.199375,0:04:24.766526,lung
0.0021,0.0001,0.0048,0.0001,92.63,2.94,94.08999999999999,0.72,KNeighbors,88,55,KGroups_max,Fvalue,False,0:04:23.199375,0:04:24.766526,lung
0.0107,0.0006,0.002,0.0,89.12,6.239999999999999,100.0,0.0,LinearSVC,88,55,KGroups_max,Fvalue,False,0:04:23.199375,0:04:24.766526,lung
0.1796,0.0018,0.0085,0.0001,91.64999999999999,2.73,100.0,0.0,RandomForest,88,55,KGroups_max,Fvalue,False,0:04:23.199375,0:04:24.766526,lung
0.1392,0.0041,0.0121,0.0002,90.13,3.95,100.0,0.0,XGB,88,55,KGroups_max,Fvalue,False,0:04:23.199375,0:04:24.766526,lung
0.179,0.0005,0.0023,0.0,90.12,6.75,100.0,0.0,MLP,88,55,KGroups_max,Fvalue,False,0:04:23.199375,0:04:24.766526,lung
0.0025,0.0,0.0023,0.0,69.45,6.909999999999999,74.88,4.55,GaussianNB,88,55,KGroups_max,Fvalue,False,0:04:23.199375,0:04:24.766526,lung
0.0022,0.0001,0.0049,0.0001,93.10000000000001,3.63,94.69999999999999,0.9400000000000001,KNeighbors,89,56,KGroups_max,Fvalue,False,0:04:23.199375,0:04:24.766526,lung
0.0125,0.0008,0.0021,0.0,91.11,5.7,100.0,0.0,LinearSVC,89,56,KGroups_max,Fvalue,False,0:04:23.199375,0:04:24.766526,lung
0.1801,0.0011,0.0085,0.0001,92.61,3.45,100.0,0.0,RandomForest,89,56,KGroups_max,Fvalue,False,0:04:23.199375,0:04:24.766526,lung
0.1391,0.0032,0.0123,0.0002,91.13,5.609999999999999,100.0,0.0,XGB,89,56,KGroups_max,Fvalue,False,0:04:23.199375,0:04:24.766526,lung
0.1809,0.0004,0.0023,0.0,92.11,5.34,100.0,0.0,MLP,89,56,KGroups_max,Fvalue,False,0:04:23.199375,0:04:24.766526,lung
0.0025,0.0,0.0023,0.0,68.95,6.76,76.36,4.53,GaussianNB,89,56,KGroups_max,Fvalue,False,0:04:23.199375,0:04:24.766526,lung
0.0021,0.0001,0.0049,0.0001,94.57,2.08,96.43,1.0999999999999999,KNeighbors,90,58,KGroups_max,Fvalue,False,0:04:23.199375,0:04:24.766526,lung
0.0126,0.0007,0.0021,0.0,91.61,5.1499999999999995,100.0,0.0,LinearSVC,90,58,KGroups_max,Fvalue,False,0:04:23.199375,0:04:24.766526,lung
0.1785,0.0012,0.0084,0.0,93.08999999999999,4.06,100.0,0.0,RandomForest,90,58,KGroups_max,Fvalue,False,0:04:23.199375,0:04:24.766526,lung
0.1415,0.0031,0.0127,0.0002,92.61,1.73,100.0,0.0,XGB,90,58,KGroups_max,Fvalue,False,0:04:23.199375,0:04:24.766526,lung
0.1824,0.0004,0.0023,0.0001,94.08999999999999,1.37,100.0,0.0,MLP,90,58,KGroups_max,Fvalue,False,0:04:23.199375,0:04:24.766526,lung
0.0025,0.0,0.0023,0.0,69.94,9.8,75.49,5.13,GaussianNB,90,58,KGroups_max,Fvalue,False,0:04:23.199375,0:04:24.766526,lung
0.0022,0.0001,0.005,0.0002,95.56,2.71,96.06,0.7100000000000001,KNeighbors,91,57,KGroups_max,Fvalue,False,0:04:23.199375,0:04:24.766526,lung
0.0127,0.0013,0.0021,0.0,93.60000000000001,6.2,100.0,0.0,LinearSVC,91,57,KGroups_max,Fvalue,False,0:04:23.199375,0:04:24.766526,lung
0.1798,0.0007,0.0084,0.0001,93.10000000000001,5.62,100.0,0.0,RandomForest,91,57,KGroups_max,Fvalue,False,0:04:23.199375,0:04:24.766526,lung
0.14,0.0026,0.0126,0.0004,92.63,6.21,100.0,0.0,XGB,91,57,KGroups_max,Fvalue,False,0:04:23.199375,0:04:24.766526,lung
0.1819,0.0003,0.0023,0.0,96.05,2.21,100.0,0.0,MLP,91,57,KGroups_max,Fvalue,False,0:04:23.199375,0:04:24.766526,lung
0.0025,0.0,0.0022,0.0,71.39999999999999,9.790000000000001,76.61,7.000000000000001,GaussianNB,91,57,KGroups_max,Fvalue,False,0:04:23.199375,0:04:24.766526,lung
0.0022,0.0001,0.0049,0.0001,90.66,4.67,92.24,1.5599999999999998,KNeighbors,92,59,KGroups_max,Fvalue,False,0:04:23.199375,0:04:24.766526,lung
0.0128,0.0014,0.0021,0.0,85.7,4.8,100.0,0.0,LinearSVC,92,59,KGroups_max,Fvalue,False,0:04:23.199375,0:04:24.766526,lung
0.1824,0.0011,0.0085,0.0002,91.61,5.96,100.0,0.0,RandomForest,92,59,KGroups_max,Fvalue,False,0:04:23.199375,0:04:24.766526,lung
0.1504,0.0024,0.0128,0.0002,91.60000000000001,4.21,100.0,0.0,XGB,92,59,KGroups_max,Fvalue,False,0:04:23.199375,0:04:24.766526,lung
0.1829,0.0003,0.0023,0.0001,93.08999999999999,3.2399999999999998,100.0,0.0,MLP,92,59,KGroups_max,Fvalue,False,0:04:23.199375,0:04:24.766526,lung
0.0025,0.0,0.0023,0.0,69.95,9.22,75.0,4.569999999999999,GaussianNB,92,59,KGroups_max,Fvalue,False,0:04:23.199375,0:04:24.766526,lung
0.0021,0.0001,0.0049,0.0001,94.57,3.2,95.94,1.49,KNeighbors,93,57,KGroups_max,Fvalue,False,0:04:23.199375,0:04:24.766526,lung
0.0122,0.0014,0.0021,0.0,91.61,3.75,100.0,0.0,LinearSVC,93,57,KGroups_max,Fvalue,False,0:04:23.199375,0:04:24.766526,lung
0.1763,0.0014,0.0085,0.0001,94.56,2.13,100.0,0.0,RandomForest,93,57,KGroups_max,Fvalue,False,0:04:23.199375,0:04:24.766526,lung
0.1341,0.0027,0.0124,0.0001,94.07,2.86,100.0,0.0,XGB,93,57,KGroups_max,Fvalue,False,0:04:23.199375,0:04:24.766526,lung
0.1817,0.0004,0.0023,0.0001,95.55,2.11,100.0,0.0,MLP,93,57,KGroups_max,Fvalue,False,0:04:23.199375,0:04:24.766526,lung
0.0025,0.0001,0.0023,0.0001,69.91000000000001,10.489999999999998,72.66,6.49,GaussianNB,93,57,KGroups_max,Fvalue,False,0:04:23.199375,0:04:24.766526,lung
0.0022,0.0001,0.0049,0.0001,95.54,3.71,96.06,0.7100000000000001,KNeighbors,94,60,KGroups_max,Fvalue,False,0:04:23.199375,0:04:24.766526,lung
0.0141,0.0011,0.0021,0.0,95.04,4.6899999999999995,100.0,0.0,LinearSVC,94,60,KGroups_max,Fvalue,False,0:04:23.199375,0:04:24.766526,lung
0.1796,0.0023,0.0085,0.0001,94.1,3.2800000000000002,100.0,0.0,RandomForest,94,60,KGroups_max,Fvalue,False,0:04:23.199375,0:04:24.766526,lung
0.1492,0.008,0.013,0.0002,92.11,1.18,100.0,0.0,XGB,94,60,KGroups_max,Fvalue,False,0:04:23.199375,0:04:24.766526,lung
0.1827,0.0004,0.0023,0.0,93.08999999999999,3.2399999999999998,100.0,0.0,MLP,94,60,KGroups_max,Fvalue,False,0:04:23.199375,0:04:24.766526,lung
0.0026,0.0,0.0023,0.0,74.46000000000001,10.620000000000001,81.76,9.89,GaussianNB,94,60,KGroups_max,Fvalue,False,0:04:23.199375,0:04:24.766526,lung
0.0021,0.0001,0.0049,0.0001,94.59,2.03,95.44,0.9199999999999999,KNeighbors,95,58,KGroups_max,Fvalue,False,0:04:23.199375,0:04:24.766526,lung
0.0136,0.0007,0.0021,0.0,92.62,5.25,100.0,0.0,LinearSVC,95,58,KGroups_max,Fvalue,False,0:04:23.199375,0:04:24.766526,lung
0.1791,0.0015,0.0085,0.0002,92.63,3.84,100.0,0.0,RandomForest,95,58,KGroups_max,Fvalue,False,0:04:23.199375,0:04:24.766526,lung
0.1412,0.0022,0.0127,0.0002,93.61,3.6799999999999997,100.0,0.0,XGB,95,58,KGroups_max,Fvalue,False,0:04:23.199375,0:04:24.766526,lung
0.1819,0.0003,0.0024,0.0001,95.06,1.79,100.0,0.0,MLP,95,58,KGroups_max,Fvalue,False,0:04:23.199375,0:04:24.766526,lung
0.0026,0.0001,0.0023,0.0,72.35000000000001,7.39,77.22,4.93,GaussianNB,95,58,KGroups_max,Fvalue,False,0:04:23.199375,0:04:24.766526,lung
0.0021,0.0001,0.0049,0.0001,96.05,2.2399999999999998,96.17999999999999,0.8099999999999999,KNeighbors,96,61,KGroups_max,Fvalue,False,0:04:23.199375,0:04:24.766526,lung
0.0144,0.0009,0.0021,0.0,88.14999999999999,3.7900000000000005,100.0,0.0,LinearSVC,96,61,KGroups_max,Fvalue,False,0:04:23.199375,0:04:24.766526,lung
0.1792,0.001,0.0085,0.0,93.10000000000001,3.2199999999999998,100.0,0.0,RandomForest,96,61,KGroups_max,Fvalue,False,0:04:23.199375,0:04:24.766526,lung
0.1521,0.0023,0.0131,0.0002,90.60000000000001,5.17,100.0,0.0,XGB,96,61,KGroups_max,Fvalue,False,0:04:23.199375,0:04:24.766526,lung
0.1837,0.0004,0.0024,0.0,92.60000000000001,1.81,100.0,0.0,MLP,96,61,KGroups_max,Fvalue,False,0:04:23.199375,0:04:24.766526,lung
0.0026,0.0001,0.0023,0.0,67.96,10.48,72.54,5.74,GaussianNB,96,61,KGroups_max,Fvalue,False,0:04:23.199375,0:04:24.766526,lung
0.0021,0.0001,0.0048,0.0001,91.60000000000001,3.81,93.58999999999999,0.72,KNeighbors,97,59,KGroups_max,Fvalue,False,0:04:23.199375,0:04:24.766526,lung
0.0134,0.0009,0.0021,0.0,89.13,5.1499999999999995,100.0,0.0,LinearSVC,97,59,KGroups_max,Fvalue,False,0:04:23.199375,0:04:24.766526,lung
0.1833,0.0008,0.0085,0.0001,90.62,4.78,100.0,0.0,RandomForest,97,59,KGroups_max,Fvalue,False,0:04:23.199375,0:04:24.766526,lung
0.1548,0.0044,0.0128,0.0002,89.12,5.489999999999999,100.0,0.0,XGB,97,59,KGroups_max,Fvalue,False,0:04:23.199375,0:04:24.766526,lung
0.1833,0.0006,0.0023,0.0,92.09,5.67,100.0,0.0,MLP,97,59,KGroups_max,Fvalue,False,0:04:23.199375,0:04:24.766526,lung
0.0026,0.0,0.0023,0.0,79.28,6.72,81.66,5.87,GaussianNB,97,59,KGroups_max,Fvalue,False,0:04:23.199375,0:04:24.766526,lung
0.0022,0.0001,0.0049,0.0001,92.61,2.4699999999999998,95.81,0.27999999999999997,KNeighbors,98,60,KGroups_max,Fvalue,False,0:04:23.199375,0:04:24.766526,lung
0.014,0.0009,0.0021,0.0,90.61,3.7600000000000002,100.0,0.0,LinearSVC,98,60,KGroups_max,Fvalue,False,0:04:23.199375,0:04:24.766526,lung
0.1782,0.0015,0.0084,0.0,92.62,3.47,100.0,0.0,RandomForest,98,60,KGroups_max,Fvalue,False,0:04:23.199375,0:04:24.766526,lung
0.1446,0.0058,0.0129,0.0002,93.60000000000001,4.08,100.0,0.0,XGB,98,60,KGroups_max,Fvalue,False,0:04:23.199375,0:04:24.766526,lung
0.1827,0.0005,0.0024,0.0001,94.56,3.6900000000000004,100.0,0.0,MLP,98,60,KGroups_max,Fvalue,False,0:04:23.199375,0:04:24.766526,lung
0.0026,0.0,0.0023,0.0001,70.89999999999999,8.57,77.46,6.05,GaussianNB,98,60,KGroups_max,Fvalue,False,0:04:23.199375,0:04:24.766526,lung
0.0022,0.0001,0.0049,0.0001,92.11,4.71,93.58999999999999,1.29,KNeighbors,99,60,KGroups_max,Fvalue,False,0:04:23.199375,0:04:24.766526,lung
0.015,0.0013,0.0021,0.0,92.09,4.12,100.0,0.0,LinearSVC,99,60,KGroups_max,Fvalue,False,0:04:23.199375,0:04:24.766526,lung
0.18,0.0011,0.0084,0.0,93.10000000000001,3.2199999999999998,100.0,0.0,RandomForest,99,60,KGroups_max,Fvalue,False,0:04:23.199375,0:04:24.766526,lung
0.1467,0.003,0.013,0.0002,92.62,2.96,100.0,0.0,XGB,99,60,KGroups_max,Fvalue,False,0:04:23.199375,0:04:24.766526,lung
0.1824,0.0005,0.0023,0.0,94.59,2.69,100.0,0.0,MLP,99,60,KGroups_max,Fvalue,False,0:04:23.199375,0:04:24.766526,lung
0.0025,0.0,0.0023,0.0001,66.99000000000001,5.7299999999999995,74.51,5.16,GaussianNB,99,60,KGroups_max,Fvalue,False,0:04:23.199375,0:04:24.766526,lung
0.0022,0.0001,0.0049,0.0001,89.17,2.13,92.36,1.78,KNeighbors,100,61,KGroups_max,Fvalue,False,0:04:23.199375,0:04:24.766526,lung
0.0145,0.0017,0.0021,0.0,87.67,3.9600000000000004,100.0,0.0,LinearSVC,100,61,KGroups_max,Fvalue,False,0:04:23.199375,0:04:24.766526,lung
0.1819,0.001,0.0085,0.0001,91.13,5.09,100.0,0.0,RandomForest,100,61,KGroups_max,Fvalue,False,0:04:23.199375,0:04:24.766526,lung
0.1538,0.0027,0.0131,0.0003,91.62,2.8000000000000003,100.0,0.0,XGB,100,61,KGroups_max,Fvalue,False,0:04:23.199375,0:04:24.766526,lung
0.1844,0.0006,0.0024,0.0001,91.61,2.87,100.0,0.0,MLP,100,61,KGroups_max,Fvalue,False,0:04:23.199375,0:04:24.766526,lung
0.0026,0.0001,0.0023,0.0001,72.87,10.77,78.08,7.07,GaussianNB,100,61,KGroups_max,Fvalue,False,0:04:23.199375,0:04:24.766526,lung
