fit_time,fit_time_std,score_time,score_time_std,test_accuracy,test_accuracy_std,train_accuracy,train_accuracy_std,model_name,num_desired_features,num_selected_features,selection_algorithm,valuation_method,CPU_time,Wall_time,dataset_name
0.0021,0.0002,0.0037,0.0001,97.24000000000001,3.7900000000000005,96.54,1.71,KNeighbors,2,2,mRMR,MID,14:34:08.477700,14:39:29.250258,ALLAML
0.0024,0.0001,0.0018,0.0,97.33000000000001,3.65,97.23,0.9299999999999999,LinearSVC,2,2,mRMR,MID,14:34:08.477700,14:39:29.250258,ALLAML
0.1371,0.0004,0.0085,0.0,97.33000000000001,5.96,100.0,0.0,RandomForest,2,2,mRMR,MID,14:34:08.477700,14:39:29.250258,ALLAML
0.0139,0.0008,0.003,0.0001,94.57,5.609999999999999,98.61,0.7799999999999999,XGB,2,2,mRMR,MID,14:34:08.477700,14:39:29.250258,ALLAML
0.0971,0.0004,0.0024,0.0001,97.33000000000001,3.65,97.23,0.9299999999999999,MLP,2,2,mRMR,MID,14:34:08.477700,14:39:29.250258,ALLAML
0.0021,0.0001,0.0019,0.0,95.89999999999999,6.02,97.57000000000001,0.9299999999999999,GaussianNB,2,2,mRMR,MID,14:34:08.477700,14:39:29.250258,ALLAML
0.0021,0.0001,0.0037,0.0001,94.48,3.1,94.78999999999999,2.45,KNeighbors,3,3,mRMR,MID,14:34:08.477700,14:39:29.250258,ALLAML
0.0023,0.0001,0.0018,0.0001,94.57,5.609999999999999,98.27,1.22,LinearSVC,3,3,mRMR,MID,14:34:08.477700,14:39:29.250258,ALLAML
0.1372,0.0003,0.0085,0.0001,97.33000000000001,5.96,100.0,0.0,RandomForest,3,3,mRMR,MID,14:34:08.477700,14:39:29.250258,ALLAML
0.0144,0.0004,0.0031,0.0001,94.57,5.609999999999999,98.61,0.7799999999999999,XGB,3,3,mRMR,MID,14:34:08.477700,14:39:29.250258,ALLAML
0.0987,0.0002,0.0023,0.0001,97.24000000000001,3.7900000000000005,97.57000000000001,0.96,MLP,3,3,mRMR,MID,14:34:08.477700,14:39:29.250258,ALLAML
0.0021,0.0001,0.0018,0.0,95.81,3.83,96.88,2.27,GaussianNB,3,3,mRMR,MID,14:34:08.477700,14:39:29.250258,ALLAML
0.002,0.0001,0.0037,0.0001,93.14,6.909999999999999,95.14,1.43,KNeighbors,4,4,mRMR,MID,14:34:08.477700,14:39:29.250258,ALLAML
0.0023,0.0,0.0017,0.0,96.0,5.96,97.57000000000001,0.96,LinearSVC,4,4,mRMR,MID,14:34:08.477700,14:39:29.250258,ALLAML
0.1375,0.0005,0.0089,0.0009,98.67,2.98,100.0,0.0,RandomForest,4,4,mRMR,MID,14:34:08.477700,14:39:29.250258,ALLAML
0.0148,0.0005,0.0033,0.0001,97.33000000000001,3.65,99.31,0.9400000000000001,XGB,4,4,mRMR,MID,14:34:08.477700,14:39:29.250258,ALLAML
0.0997,0.0002,0.0022,0.0001,95.89999999999999,3.74,95.49,0.95,MLP,4,4,mRMR,MID,14:34:08.477700,14:39:29.250258,ALLAML
0.0021,0.0001,0.0018,0.0,95.89999999999999,3.74,95.49,0.95,GaussianNB,4,4,mRMR,MID,14:34:08.477700,14:39:29.250258,ALLAML
0.002,0.0001,0.0036,0.0001,93.14,6.909999999999999,94.45,1.4200000000000002,KNeighbors,5,5,mRMR,MID,14:34:08.477700,14:39:29.250258,ALLAML
0.0023,0.0,0.0017,0.0,96.0,5.96,98.26,1.24,LinearSVC,5,5,mRMR,MID,14:34:08.477700,14:39:29.250258,ALLAML
0.1372,0.0003,0.0085,0.0,98.67,2.98,100.0,0.0,RandomForest,5,5,mRMR,MID,14:34:08.477700,14:39:29.250258,ALLAML
0.0153,0.0002,0.0035,0.0001,96.0,5.96,100.0,0.0,XGB,5,5,mRMR,MID,14:34:08.477700,14:39:29.250258,ALLAML
0.1005,0.0004,0.0023,0.0,94.57,5.609999999999999,95.84,0.9199999999999999,MLP,5,5,mRMR,MID,14:34:08.477700,14:39:29.250258,ALLAML
0.0021,0.0001,0.0019,0.0,95.89999999999999,3.74,96.53,1.21,GaussianNB,5,5,mRMR,MID,14:34:08.477700,14:39:29.250258,ALLAML
0.002,0.0001,0.0036,0.0001,93.14,6.909999999999999,94.45,0.75,KNeighbors,6,6,mRMR,MID,14:34:08.477700,14:39:29.250258,ALLAML
0.0023,0.0,0.0017,0.0,94.57,5.609999999999999,98.26,1.24,LinearSVC,6,6,mRMR,MID,14:34:08.477700,14:39:29.250258,ALLAML
0.1372,0.0004,0.0085,0.0,94.48,3.1,100.0,0.0,RandomForest,6,6,mRMR,MID,14:34:08.477700,14:39:29.250258,ALLAML
0.0158,0.0003,0.0036,0.0,94.48,3.1,100.0,0.0,XGB,6,6,mRMR,MID,14:34:08.477700,14:39:29.250258,ALLAML
0.1005,0.0011,0.0023,0.0,95.89999999999999,3.74,96.17999999999999,0.76,MLP,6,6,mRMR,MID,14:34:08.477700,14:39:29.250258,ALLAML
0.0021,0.0,0.0019,0.0,97.24000000000001,3.7900000000000005,97.56,1.5599999999999998,GaussianNB,6,6,mRMR,MID,14:34:08.477700,14:39:29.250258,ALLAML
0.002,0.0001,0.0036,0.0001,95.81,6.34,97.92,1.9,KNeighbors,7,7,mRMR,MID,14:34:08.477700,14:39:29.250258,ALLAML
0.0023,0.0,0.0018,0.0,98.67,2.98,100.0,0.0,LinearSVC,7,7,mRMR,MID,14:34:08.477700,14:39:29.250258,ALLAML
0.1371,0.0002,0.0085,0.0,100.0,0.0,100.0,0.0,RandomForest,7,7,mRMR,MID,14:34:08.477700,14:39:29.250258,ALLAML
0.0162,0.0002,0.0038,0.0001,95.89999999999999,3.74,100.0,0.0,XGB,7,7,mRMR,MID,14:34:08.477700,14:39:29.250258,ALLAML
0.1025,0.0006,0.0023,0.0001,98.67,2.98,100.0,0.0,MLP,7,7,mRMR,MID,14:34:08.477700,14:39:29.250258,ALLAML
0.0021,0.0001,0.0018,0.0,98.67,2.98,99.66000000000001,0.77,GaussianNB,7,7,mRMR,MID,14:34:08.477700,14:39:29.250258,ALLAML
0.002,0.0001,0.0036,0.0001,94.48,3.1,96.53,1.22,KNeighbors,8,8,mRMR,MID,14:34:08.477700,14:39:29.250258,ALLAML
0.0023,0.0,0.0018,0.0,97.33000000000001,5.96,100.0,0.0,LinearSVC,8,8,mRMR,MID,14:34:08.477700,14:39:29.250258,ALLAML
0.1372,0.0001,0.0085,0.0,98.67,2.98,100.0,0.0,RandomForest,8,8,mRMR,MID,14:34:08.477700,14:39:29.250258,ALLAML
0.0167,0.0002,0.004,0.0001,95.89999999999999,3.74,100.0,0.0,XGB,8,8,mRMR,MID,14:34:08.477700,14:39:29.250258,ALLAML
0.1025,0.0004,0.0023,0.0001,97.24000000000001,3.7900000000000005,99.66000000000001,0.77,MLP,8,8,mRMR,MID,14:34:08.477700,14:39:29.250258,ALLAML
0.0021,0.0001,0.0019,0.0001,98.67,2.98,98.96000000000001,0.95,GaussianNB,8,8,mRMR,MID,14:34:08.477700,14:39:29.250258,ALLAML
0.002,0.0001,0.0036,0.0001,94.48,3.1,94.78999999999999,1.26,KNeighbors,9,9,mRMR,MID,14:34:08.477700,14:39:29.250258,ALLAML
0.0023,0.0,0.0018,0.0,93.05,4.72,100.0,0.0,LinearSVC,9,9,mRMR,MID,14:34:08.477700,14:39:29.250258,ALLAML
0.1378,0.0003,0.0085,0.0,95.81,3.83,100.0,0.0,RandomForest,9,9,mRMR,MID,14:34:08.477700,14:39:29.250258,ALLAML
0.0172,0.0002,0.0041,0.0001,97.33000000000001,3.65,100.0,0.0,XGB,9,9,mRMR,MID,14:34:08.477700,14:39:29.250258,ALLAML
0.1032,0.0003,0.0023,0.0001,94.48,3.1,99.66000000000001,0.77,MLP,9,9,mRMR,MID,14:34:08.477700,14:39:29.250258,ALLAML
0.0021,0.0001,0.0019,0.0,97.24000000000001,3.7900000000000005,98.26,1.7399999999999998,GaussianNB,9,9,mRMR,MID,14:34:08.477700,14:39:29.250258,ALLAML
0.002,0.0001,0.0036,0.0001,94.48,3.1,94.1,0.96,KNeighbors,10,10,mRMR,MID,14:34:08.477700,14:39:29.250258,ALLAML
0.0023,0.0,0.0018,0.0,94.48,5.64,100.0,0.0,LinearSVC,10,10,mRMR,MID,14:34:08.477700,14:39:29.250258,ALLAML
0.1377,0.0003,0.0084,0.0001,98.57000000000001,3.19,100.0,0.0,RandomForest,10,10,mRMR,MID,14:34:08.477700,14:39:29.250258,ALLAML
0.0178,0.0002,0.0043,0.0001,98.67,2.98,100.0,0.0,XGB,10,10,mRMR,MID,14:34:08.477700,14:39:29.250258,ALLAML
0.1036,0.0002,0.0022,0.0001,95.81,3.83,100.0,0.0,MLP,10,10,mRMR,MID,14:34:08.477700,14:39:29.250258,ALLAML
0.0021,0.0,0.0018,0.0,98.57000000000001,3.19,98.61,0.7799999999999999,GaussianNB,10,10,mRMR,MID,14:34:08.477700,14:39:29.250258,ALLAML
0.0021,0.0001,0.0037,0.0001,94.48,3.1,94.78999999999999,1.22,KNeighbors,11,11,mRMR,MID,14:34:08.477700,14:39:29.250258,ALLAML
0.0023,0.0,0.0018,0.0,98.57000000000001,3.19,100.0,0.0,LinearSVC,11,11,mRMR,MID,14:34:08.477700,14:39:29.250258,ALLAML
0.1383,0.0006,0.0085,0.0,100.0,0.0,100.0,0.0,RandomForest,11,11,mRMR,MID,14:34:08.477700,14:39:29.250258,ALLAML
0.0183,0.0002,0.0045,0.0,97.24000000000001,3.7900000000000005,100.0,0.0,XGB,11,11,mRMR,MID,14:34:08.477700,14:39:29.250258,ALLAML
0.1031,0.0003,0.0023,0.0001,97.14,3.91,100.0,0.0,MLP,11,11,mRMR,MID,14:34:08.477700,14:39:29.250258,ALLAML
0.0021,0.0,0.0019,0.0,98.57000000000001,3.19,98.61,0.7799999999999999,GaussianNB,11,11,mRMR,MID,14:34:08.477700,14:39:29.250258,ALLAML
0.0021,0.0001,0.0037,0.0001,94.57,5.609999999999999,95.48,0.98,KNeighbors,12,12,mRMR,MID,14:34:08.477700,14:39:29.250258,ALLAML
0.0024,0.0001,0.0019,0.0,95.71,6.39,100.0,0.0,LinearSVC,12,12,mRMR,MID,14:34:08.477700,14:39:29.250258,ALLAML
0.138,0.0002,0.0084,0.0,97.14,6.39,100.0,0.0,RandomForest,12,12,mRMR,MID,14:34:08.477700,14:39:29.250258,ALLAML
0.0188,0.0002,0.0047,0.0,97.24000000000001,3.7900000000000005,100.0,0.0,XGB,12,12,mRMR,MID,14:34:08.477700,14:39:29.250258,ALLAML
0.1043,0.0003,0.0022,0.0001,94.38,5.949999999999999,100.0,0.0,MLP,12,12,mRMR,MID,14:34:08.477700,14:39:29.250258,ALLAML
0.0021,0.0,0.0019,0.0,97.24000000000001,3.7900000000000005,98.61,0.7799999999999999,GaussianNB,12,12,mRMR,MID,14:34:08.477700,14:39:29.250258,ALLAML
0.0021,0.0001,0.0037,0.0001,94.57,5.609999999999999,94.78,2.17,KNeighbors,13,13,mRMR,MID,14:34:08.477700,14:39:29.250258,ALLAML
0.0024,0.0001,0.0019,0.0,95.71,6.39,100.0,0.0,LinearSVC,13,13,mRMR,MID,14:34:08.477700,14:39:29.250258,ALLAML
0.1382,0.0004,0.0084,0.0001,98.57000000000001,3.19,100.0,0.0,RandomForest,13,13,mRMR,MID,14:34:08.477700,14:39:29.250258,ALLAML
0.0194,0.0002,0.0049,0.0001,97.24000000000001,3.7900000000000005,100.0,0.0,XGB,13,13,mRMR,MID,14:34:08.477700,14:39:29.250258,ALLAML
0.1051,0.0003,0.0022,0.0001,97.24000000000001,3.7900000000000005,100.0,0.0,MLP,13,13,mRMR,MID,14:34:08.477700,14:39:29.250258,ALLAML
0.0021,0.0,0.002,0.0001,97.24000000000001,3.7900000000000005,98.61,0.7799999999999999,GaussianNB,13,13,mRMR,MID,14:34:08.477700,14:39:29.250258,ALLAML
0.0021,0.0001,0.0037,0.0001,93.14,6.909999999999999,95.49,0.95,KNeighbors,14,14,mRMR,MID,14:34:08.477700,14:39:29.250258,ALLAML
0.0024,0.0,0.0019,0.0,95.71,6.39,100.0,0.0,LinearSVC,14,14,mRMR,MID,14:34:08.477700,14:39:29.250258,ALLAML
0.138,0.0005,0.0085,0.0001,97.14,6.39,100.0,0.0,RandomForest,14,14,mRMR,MID,14:34:08.477700,14:39:29.250258,ALLAML
0.0198,0.0002,0.005,0.0001,94.38,9.3,100.0,0.0,XGB,14,14,mRMR,MID,14:34:08.477700,14:39:29.250258,ALLAML
0.1042,0.0001,0.0024,0.0001,95.81,6.34,100.0,0.0,MLP,14,14,mRMR,MID,14:34:08.477700,14:39:29.250258,ALLAML
0.0022,0.0001,0.0019,0.0,95.81,6.34,98.61,0.7799999999999999,GaussianNB,14,14,mRMR,MID,14:34:08.477700,14:39:29.250258,ALLAML
0.0021,0.0001,0.0037,0.0001,93.14,6.909999999999999,95.14,1.43,KNeighbors,15,15,mRMR,MID,14:34:08.477700,14:39:29.250258,ALLAML
0.0024,0.0,0.0019,0.0,97.14,3.91,100.0,0.0,LinearSVC,15,15,mRMR,MID,14:34:08.477700,14:39:29.250258,ALLAML
0.1377,0.0005,0.0085,0.0,97.14,6.39,100.0,0.0,RandomForest,15,15,mRMR,MID,14:34:08.477700,14:39:29.250258,ALLAML
0.0206,0.0003,0.0053,0.0002,94.38,9.3,100.0,0.0,XGB,15,15,mRMR,MID,14:34:08.477700,14:39:29.250258,ALLAML
0.1051,0.0004,0.0024,0.0001,95.71,6.39,100.0,0.0,MLP,15,15,mRMR,MID,14:34:08.477700,14:39:29.250258,ALLAML
0.0021,0.0,0.0018,0.0,95.81,6.34,98.26,1.24,GaussianNB,15,15,mRMR,MID,14:34:08.477700,14:39:29.250258,ALLAML
0.002,0.0001,0.3019,0.6674,94.57,5.609999999999999,95.14,2.27,KNeighbors,16,16,mRMR,MID,14:34:08.477700,14:39:29.250258,ALLAML
0.0024,0.0001,0.0019,0.0,94.38,5.949999999999999,100.0,0.0,LinearSVC,16,16,mRMR,MID,14:34:08.477700,14:39:29.250258,ALLAML
0.1392,0.0004,0.0085,0.0,97.14,6.39,100.0,0.0,RandomForest,16,16,mRMR,MID,14:34:08.477700,14:39:29.250258,ALLAML
0.0212,0.0005,0.0054,0.0001,94.38,9.3,100.0,0.0,XGB,16,16,mRMR,MID,14:34:08.477700,14:39:29.250258,ALLAML
0.1069,0.0002,0.0025,0.0001,95.81,6.34,100.0,0.0,MLP,16,16,mRMR,MID,14:34:08.477700,14:39:29.250258,ALLAML
0.0021,0.0,0.0019,0.0001,95.81,6.34,98.26,1.24,GaussianNB,16,16,mRMR,MID,14:34:08.477700,14:39:29.250258,ALLAML
0.002,0.0001,0.0037,0.0,93.24,6.67,94.45,1.4200000000000002,KNeighbors,17,17,mRMR,MID,14:34:08.477700,14:39:29.250258,ALLAML
0.0024,0.0001,0.0019,0.0,93.14,6.909999999999999,100.0,0.0,LinearSVC,17,17,mRMR,MID,14:34:08.477700,14:39:29.250258,ALLAML
0.1389,0.0003,0.0085,0.0001,97.14,6.39,100.0,0.0,RandomForest,17,17,mRMR,MID,14:34:08.477700,14:39:29.250258,ALLAML
0.0214,0.0003,0.0055,0.0,94.38,9.3,100.0,0.0,XGB,17,17,mRMR,MID,14:34:08.477700,14:39:29.250258,ALLAML
0.1068,0.0003,0.0024,0.0001,95.81,6.34,100.0,0.0,MLP,17,17,mRMR,MID,14:34:08.477700,14:39:29.250258,ALLAML
0.0022,0.0,0.002,0.0001,95.81,6.34,98.61,0.7799999999999999,GaussianNB,17,17,mRMR,MID,14:34:08.477700,14:39:29.250258,ALLAML
0.002,0.0001,0.0036,0.0002,94.57,5.609999999999999,95.15,1.41,KNeighbors,18,18,mRMR,MID,14:34:08.477700,14:39:29.250258,ALLAML
0.0024,0.0,0.0019,0.0,94.48,7.57,100.0,0.0,LinearSVC,18,18,mRMR,MID,14:34:08.477700,14:39:29.250258,ALLAML
0.1395,0.0007,0.0086,0.0,97.14,6.39,100.0,0.0,RandomForest,18,18,mRMR,MID,14:34:08.477700,14:39:29.250258,ALLAML
0.0221,0.0004,0.0058,0.0001,93.05,9.94,100.0,0.0,XGB,18,18,mRMR,MID,14:34:08.477700,14:39:29.250258,ALLAML
0.1076,0.0002,0.0025,0.0001,95.81,6.34,100.0,0.0,MLP,18,18,mRMR,MID,14:34:08.477700,14:39:29.250258,ALLAML
0.0022,0.0001,0.002,0.0,95.81,6.34,98.26,1.24,GaussianNB,18,18,mRMR,MID,14:34:08.477700,14:39:29.250258,ALLAML
0.002,0.0001,0.0037,0.0002,93.24,6.67,94.11,1.51,KNeighbors,19,19,mRMR,MID,14:34:08.477700,14:39:29.250258,ALLAML
0.0025,0.0,0.0019,0.0,93.14,6.909999999999999,100.0,0.0,LinearSVC,19,19,mRMR,MID,14:34:08.477700,14:39:29.250258,ALLAML
0.1399,0.0006,0.0086,0.0001,97.14,6.39,100.0,0.0,RandomForest,19,19,mRMR,MID,14:34:08.477700,14:39:29.250258,ALLAML
0.0228,0.0004,0.006,0.0002,93.05,9.94,100.0,0.0,XGB,19,19,mRMR,MID,14:34:08.477700,14:39:29.250258,ALLAML
0.1083,0.0012,0.0025,0.0001,95.81,6.34,100.0,0.0,MLP,19,19,mRMR,MID,14:34:08.477700,14:39:29.250258,ALLAML
0.0022,0.0,0.002,0.0,95.81,6.34,98.61,0.7799999999999999,GaussianNB,19,19,mRMR,MID,14:34:08.477700,14:39:29.250258,ALLAML
0.002,0.0001,0.0037,0.0001,93.24,6.67,94.46,2.23,KNeighbors,20,20,mRMR,MID,14:34:08.477700,14:39:29.250258,ALLAML
0.0024,0.0001,0.0019,0.0,93.14,6.909999999999999,100.0,0.0,LinearSVC,20,20,mRMR,MID,14:34:08.477700,14:39:29.250258,ALLAML
0.1392,0.0004,0.0086,0.0001,97.14,6.39,100.0,0.0,RandomForest,20,20,mRMR,MID,14:34:08.477700,14:39:29.250258,ALLAML
0.0231,0.0003,0.006,0.0001,91.71000000000001,9.19,100.0,0.0,XGB,20,20,mRMR,MID,14:34:08.477700,14:39:29.250258,ALLAML
0.1079,0.0004,0.0025,0.0,97.24000000000001,3.7900000000000005,100.0,0.0,MLP,20,20,mRMR,MID,14:34:08.477700,14:39:29.250258,ALLAML
0.0022,0.0,0.002,0.0,95.81,6.34,98.61,0.7799999999999999,GaussianNB,20,20,mRMR,MID,14:34:08.477700,14:39:29.250258,ALLAML
0.002,0.0001,0.0037,0.0002,94.57,5.609999999999999,95.83,0.96,KNeighbors,21,21,mRMR,MID,14:34:08.477700,14:39:29.250258,ALLAML
0.0024,0.0001,0.0019,0.0,93.24,8.17,100.0,0.0,LinearSVC,21,21,mRMR,MID,14:34:08.477700,14:39:29.250258,ALLAML
0.1386,0.0009,0.0086,0.0,95.71,6.39,100.0,0.0,RandomForest,21,21,mRMR,MID,14:34:08.477700,14:39:29.250258,ALLAML
0.0236,0.0004,0.0062,0.0001,91.71000000000001,9.19,100.0,0.0,XGB,21,21,mRMR,MID,14:34:08.477700,14:39:29.250258,ALLAML
0.1078,0.001,0.0025,0.0,97.24000000000001,3.7900000000000005,100.0,0.0,MLP,21,21,mRMR,MID,14:34:08.477700,14:39:29.250258,ALLAML
0.0022,0.0001,0.002,0.0001,95.81,6.34,98.61,0.7799999999999999,GaussianNB,21,21,mRMR,MID,14:34:08.477700,14:39:29.250258,ALLAML
0.002,0.0001,0.0037,0.0001,94.57,5.609999999999999,95.83,0.96,KNeighbors,22,22,mRMR,MID,14:34:08.477700,14:39:29.250258,ALLAML
0.0025,0.0,0.0019,0.0,95.89999999999999,6.02,100.0,0.0,LinearSVC,22,22,mRMR,MID,14:34:08.477700,14:39:29.250258,ALLAML
0.1384,0.0004,0.0086,0.0001,97.14,6.39,100.0,0.0,RandomForest,22,22,mRMR,MID,14:34:08.477700,14:39:29.250258,ALLAML
0.0241,0.0005,0.0064,0.0001,90.38000000000001,10.5,100.0,0.0,XGB,22,22,mRMR,MID,14:34:08.477700,14:39:29.250258,ALLAML
0.1082,0.0005,0.0025,0.0001,97.24000000000001,3.7900000000000005,100.0,0.0,MLP,22,22,mRMR,MID,14:34:08.477700,14:39:29.250258,ALLAML
0.0022,0.0001,0.002,0.0001,95.81,6.34,98.61,0.7799999999999999,GaussianNB,22,22,mRMR,MID,14:34:08.477700,14:39:29.250258,ALLAML
0.002,0.0001,0.0037,0.0001,94.57,5.609999999999999,95.48,0.98,KNeighbors,23,23,mRMR,MID,14:34:08.477700,14:39:29.250258,ALLAML
0.0025,0.0001,0.0019,0.0,93.14,6.909999999999999,100.0,0.0,LinearSVC,23,23,mRMR,MID,14:34:08.477700,14:39:29.250258,ALLAML
0.1387,0.0005,0.0086,0.0,97.14,6.39,100.0,0.0,RandomForest,23,23,mRMR,MID,14:34:08.477700,14:39:29.250258,ALLAML
0.0246,0.0004,0.0065,0.0001,90.38000000000001,10.5,100.0,0.0,XGB,23,23,mRMR,MID,14:34:08.477700,14:39:29.250258,ALLAML
0.1085,0.0005,0.0025,0.0,97.24000000000001,3.7900000000000005,100.0,0.0,MLP,23,23,mRMR,MID,14:34:08.477700,14:39:29.250258,ALLAML
0.0022,0.0,0.002,0.0001,95.81,6.34,98.61,0.7799999999999999,GaussianNB,23,23,mRMR,MID,14:34:08.477700,14:39:29.250258,ALLAML
0.002,0.0001,0.0037,0.0001,94.57,5.609999999999999,95.48,0.98,KNeighbors,24,24,mRMR,MID,14:34:08.477700,14:39:29.250258,ALLAML
0.0025,0.0001,0.0019,0.0,95.81,6.34,100.0,0.0,LinearSVC,24,24,mRMR,MID,14:34:08.477700,14:39:29.250258,ALLAML
0.138,0.0006,0.0086,0.0,97.14,6.39,100.0,0.0,RandomForest,24,24,mRMR,MID,14:34:08.477700,14:39:29.250258,ALLAML
0.025,0.0003,0.0067,0.0,91.71000000000001,9.19,100.0,0.0,XGB,24,24,mRMR,MID,14:34:08.477700,14:39:29.250258,ALLAML
0.1058,0.0046,0.0024,0.0001,97.24000000000001,3.7900000000000005,100.0,0.0,MLP,24,24,mRMR,MID,14:34:08.477700,14:39:29.250258,ALLAML
0.0022,0.0,0.0021,0.0,95.81,6.34,98.61,0.7799999999999999,GaussianNB,24,24,mRMR,MID,14:34:08.477700,14:39:29.250258,ALLAML
0.002,0.0001,0.0036,0.0001,94.57,5.609999999999999,95.48,0.98,KNeighbors,25,25,mRMR,MID,14:34:08.477700,14:39:29.250258,ALLAML
0.0025,0.0,0.0019,0.0,95.81,6.34,100.0,0.0,LinearSVC,25,25,mRMR,MID,14:34:08.477700,14:39:29.250258,ALLAML
0.1388,0.0005,0.0085,0.0,97.14,6.39,100.0,0.0,RandomForest,25,25,mRMR,MID,14:34:08.477700,14:39:29.250258,ALLAML
0.0255,0.0004,0.0068,0.0,91.71000000000001,9.19,100.0,0.0,XGB,25,25,mRMR,MID,14:34:08.477700,14:39:29.250258,ALLAML
0.1093,0.0006,0.0025,0.0001,97.24000000000001,3.7900000000000005,100.0,0.0,MLP,25,25,mRMR,MID,14:34:08.477700,14:39:29.250258,ALLAML
0.0022,0.0,0.002,0.0001,95.81,6.34,98.61,0.7799999999999999,GaussianNB,25,25,mRMR,MID,14:34:08.477700,14:39:29.250258,ALLAML
0.002,0.0001,0.0036,0.0002,93.24,6.67,95.49,0.95,KNeighbors,26,26,mRMR,MID,14:34:08.477700,14:39:29.250258,ALLAML
0.0025,0.0001,0.0019,0.0,94.48,7.57,100.0,0.0,LinearSVC,26,26,mRMR,MID,14:34:08.477700,14:39:29.250258,ALLAML
0.1385,0.0002,0.0085,0.0,97.14,6.39,100.0,0.0,RandomForest,26,26,mRMR,MID,14:34:08.477700,14:39:29.250258,ALLAML
0.0261,0.0005,0.007,0.0002,91.71000000000001,9.19,100.0,0.0,XGB,26,26,mRMR,MID,14:34:08.477700,14:39:29.250258,ALLAML
0.1088,0.0008,0.0024,0.0001,97.24000000000001,3.7900000000000005,100.0,0.0,MLP,26,26,mRMR,MID,14:34:08.477700,14:39:29.250258,ALLAML
0.0022,0.0001,0.002,0.0001,95.81,6.34,98.61,0.7799999999999999,GaussianNB,26,26,mRMR,MID,14:34:08.477700,14:39:29.250258,ALLAML
0.002,0.0001,0.0036,0.0002,95.89999999999999,3.74,95.14,1.43,KNeighbors,27,27,mRMR,MID,14:34:08.477700,14:39:29.250258,ALLAML
0.0026,0.0001,0.0019,0.0,95.89999999999999,6.02,100.0,0.0,LinearSVC,27,27,mRMR,MID,14:34:08.477700,14:39:29.250258,ALLAML
0.1389,0.0003,0.0085,0.0,97.14,6.39,100.0,0.0,RandomForest,27,27,mRMR,MID,14:34:08.477700,14:39:29.250258,ALLAML
0.0265,0.0004,0.0071,0.0001,91.71000000000001,9.19,100.0,0.0,XGB,27,27,mRMR,MID,14:34:08.477700,14:39:29.250258,ALLAML
0.1105,0.0012,0.0024,0.0001,95.89999999999999,3.74,100.0,0.0,MLP,27,27,mRMR,MID,14:34:08.477700,14:39:29.250258,ALLAML
0.0022,0.0001,0.0021,0.0,97.24000000000001,3.7900000000000005,98.61,0.7799999999999999,GaussianNB,27,27,mRMR,MID,14:34:08.477700,14:39:29.250258,ALLAML
0.002,0.0001,0.0037,0.0002,95.89999999999999,3.74,94.8,1.2,KNeighbors,28,28,mRMR,MID,14:34:08.477700,14:39:29.250258,ALLAML
0.0026,0.0001,0.002,0.0,95.89999999999999,6.02,100.0,0.0,LinearSVC,28,28,mRMR,MID,14:34:08.477700,14:39:29.250258,ALLAML
0.1387,0.0003,0.0085,0.0,97.14,6.39,100.0,0.0,RandomForest,28,28,mRMR,MID,14:34:08.477700,14:39:29.250258,ALLAML
0.027,0.0004,0.0074,0.0001,91.71000000000001,9.19,100.0,0.0,XGB,28,28,mRMR,MID,14:34:08.477700,14:39:29.250258,ALLAML
0.1098,0.0026,0.0024,0.0001,97.24000000000001,3.7900000000000005,100.0,0.0,MLP,28,28,mRMR,MID,14:34:08.477700,14:39:29.250258,ALLAML
0.0022,0.0001,0.002,0.0001,97.24000000000001,3.7900000000000005,98.61,0.7799999999999999,GaussianNB,28,28,mRMR,MID,14:34:08.477700,14:39:29.250258,ALLAML
0.002,0.0001,0.0037,0.0001,95.89999999999999,3.74,95.14,1.43,KNeighbors,29,29,mRMR,MID,14:34:08.477700,14:39:29.250258,ALLAML
0.0026,0.0001,0.0019,0.0,95.89999999999999,6.02,100.0,0.0,LinearSVC,29,29,mRMR,MID,14:34:08.477700,14:39:29.250258,ALLAML
0.1391,0.0004,0.0085,0.0,97.14,6.39,100.0,0.0,RandomForest,29,29,mRMR,MID,14:34:08.477700,14:39:29.250258,ALLAML
0.0277,0.0003,0.0074,0.0001,91.71000000000001,9.19,100.0,0.0,XGB,29,29,mRMR,MID,14:34:08.477700,14:39:29.250258,ALLAML
0.1082,0.005,0.0025,0.0002,97.24000000000001,3.7900000000000005,100.0,0.0,MLP,29,29,mRMR,MID,14:34:08.477700,14:39:29.250258,ALLAML
0.0022,0.0,0.002,0.0001,97.24000000000001,3.7900000000000005,98.61,0.7799999999999999,GaussianNB,29,29,mRMR,MID,14:34:08.477700,14:39:29.250258,ALLAML
0.002,0.0001,0.0036,0.0001,94.57,5.609999999999999,94.78999999999999,1.22,KNeighbors,30,30,mRMR,MID,14:34:08.477700,14:39:29.250258,ALLAML
0.0026,0.0001,0.002,0.0,95.89999999999999,6.02,100.0,0.0,LinearSVC,30,30,mRMR,MID,14:34:08.477700,14:39:29.250258,ALLAML
0.1385,0.0002,0.0084,0.0,97.14,6.39,100.0,0.0,RandomForest,30,30,mRMR,MID,14:34:08.477700,14:39:29.250258,ALLAML
0.0282,0.0003,0.0077,0.0001,91.71000000000001,9.19,100.0,0.0,XGB,30,30,mRMR,MID,14:34:08.477700,14:39:29.250258,ALLAML
0.1095,0.004,0.0024,0.0001,97.24000000000001,3.7900000000000005,100.0,0.0,MLP,30,30,mRMR,MID,14:34:08.477700,14:39:29.250258,ALLAML
0.0022,0.0,0.0021,0.0,97.24000000000001,3.7900000000000005,98.61,0.7799999999999999,GaussianNB,30,30,mRMR,MID,14:34:08.477700,14:39:29.250258,ALLAML
0.0021,0.0001,0.0037,0.0002,94.57,5.609999999999999,94.8,1.71,KNeighbors,31,31,mRMR,MID,14:34:08.477700,14:39:29.250258,ALLAML
0.0026,0.0001,0.002,0.0,94.57,5.609999999999999,100.0,0.0,LinearSVC,31,31,mRMR,MID,14:34:08.477700,14:39:29.250258,ALLAML
0.1392,0.0006,0.0084,0.0001,97.14,6.39,100.0,0.0,RandomForest,31,31,mRMR,MID,14:34:08.477700,14:39:29.250258,ALLAML
0.0286,0.0004,0.0077,0.0001,91.71000000000001,9.19,100.0,0.0,XGB,31,31,mRMR,MID,14:34:08.477700,14:39:29.250258,ALLAML
0.1093,0.0053,0.0023,0.0001,98.57000000000001,3.19,100.0,0.0,MLP,31,31,mRMR,MID,14:34:08.477700,14:39:29.250258,ALLAML
0.0022,0.0,0.002,0.0,97.24000000000001,3.7900000000000005,98.61,0.7799999999999999,GaussianNB,31,31,mRMR,MID,14:34:08.477700,14:39:29.250258,ALLAML
0.002,0.0001,0.0036,0.0001,91.9,8.68,94.1,0.91,KNeighbors,32,32,mRMR,MID,14:34:08.477700,14:39:29.250258,ALLAML
0.0026,0.0001,0.002,0.0,95.89999999999999,6.02,100.0,0.0,LinearSVC,32,32,mRMR,MID,14:34:08.477700,14:39:29.250258,ALLAML
0.139,0.0006,0.0085,0.0001,97.14,6.39,100.0,0.0,RandomForest,32,32,mRMR,MID,14:34:08.477700,14:39:29.250258,ALLAML
0.029,0.0004,0.008,0.0002,91.71000000000001,9.19,100.0,0.0,XGB,32,32,mRMR,MID,14:34:08.477700,14:39:29.250258,ALLAML
0.1095,0.0042,0.0023,0.0001,97.24000000000001,3.7900000000000005,100.0,0.0,MLP,32,32,mRMR,MID,14:34:08.477700,14:39:29.250258,ALLAML
0.0022,0.0001,0.0021,0.0001,97.24000000000001,3.7900000000000005,98.61,0.7799999999999999,GaussianNB,32,32,mRMR,MID,14:34:08.477700,14:39:29.250258,ALLAML
0.0021,0.0001,0.0037,0.0001,91.9,8.68,94.45,0.75,KNeighbors,33,33,mRMR,MID,14:34:08.477700,14:39:29.250258,ALLAML
0.0027,0.0002,0.002,0.0,95.89999999999999,6.02,100.0,0.0,LinearSVC,33,33,mRMR,MID,14:34:08.477700,14:39:29.250258,ALLAML
0.1391,0.0005,0.0085,0.0,97.14,6.39,100.0,0.0,RandomForest,33,33,mRMR,MID,14:34:08.477700,14:39:29.250258,ALLAML
0.0296,0.0004,0.0082,0.0002,91.71000000000001,9.19,100.0,0.0,XGB,33,33,mRMR,MID,14:34:08.477700,14:39:29.250258,ALLAML
0.1064,0.0092,0.0023,0.0001,97.24000000000001,3.7900000000000005,100.0,0.0,MLP,33,33,mRMR,MID,14:34:08.477700,14:39:29.250258,ALLAML
0.0022,0.0001,0.0021,0.0,97.24000000000001,3.7900000000000005,98.61,0.7799999999999999,GaussianNB,33,33,mRMR,MID,14:34:08.477700,14:39:29.250258,ALLAML
0.0021,0.0001,0.0037,0.0002,93.24,6.67,95.14,0.76,KNeighbors,34,34,mRMR,MID,14:34:08.477700,14:39:29.250258,ALLAML
0.0028,0.0001,0.002,0.0,93.24,6.67,100.0,0.0,LinearSVC,34,34,mRMR,MID,14:34:08.477700,14:39:29.250258,ALLAML
0.1389,0.0005,0.0085,0.0001,95.81,6.34,100.0,0.0,RandomForest,34,34,mRMR,MID,14:34:08.477700,14:39:29.250258,ALLAML
0.0301,0.0004,0.0083,0.0002,91.71000000000001,9.19,100.0,0.0,XGB,34,34,mRMR,MID,14:34:08.477700,14:39:29.250258,ALLAML
0.1076,0.0086,0.0024,0.0001,97.24000000000001,3.7900000000000005,100.0,0.0,MLP,34,34,mRMR,MID,14:34:08.477700,14:39:29.250258,ALLAML
0.0022,0.0,0.0021,0.0,97.24000000000001,3.7900000000000005,98.61,0.7799999999999999,GaussianNB,34,34,mRMR,MID,14:34:08.477700,14:39:29.250258,ALLAML
0.0021,0.0001,0.0037,0.0001,93.24,6.67,95.14,0.76,KNeighbors,35,35,mRMR,MID,14:34:08.477700,14:39:29.250258,ALLAML
0.0027,0.0002,0.002,0.0,93.24,6.67,100.0,0.0,LinearSVC,35,35,mRMR,MID,14:34:08.477700,14:39:29.250258,ALLAML
0.139,0.0003,0.0084,0.0001,97.14,6.39,100.0,0.0,RandomForest,35,35,mRMR,MID,14:34:08.477700,14:39:29.250258,ALLAML
0.0308,0.0005,0.0083,0.0001,91.71000000000001,9.19,100.0,0.0,XGB,35,35,mRMR,MID,14:34:08.477700,14:39:29.250258,ALLAML
0.1081,0.0084,0.0024,0.0,97.24000000000001,3.7900000000000005,100.0,0.0,MLP,35,35,mRMR,MID,14:34:08.477700,14:39:29.250258,ALLAML
0.0023,0.0001,0.0021,0.0,95.81,6.34,98.61,0.7799999999999999,GaussianNB,35,35,mRMR,MID,14:34:08.477700,14:39:29.250258,ALLAML
0.0021,0.0001,0.0037,0.0001,94.57,5.609999999999999,95.14,0.76,KNeighbors,36,36,mRMR,MID,14:34:08.477700,14:39:29.250258,ALLAML
0.0027,0.0002,0.002,0.0001,95.89999999999999,6.02,100.0,0.0,LinearSVC,36,36,mRMR,MID,14:34:08.477700,14:39:29.250258,ALLAML
0.1398,0.0004,0.0085,0.0001,95.81,6.34,100.0,0.0,RandomForest,36,36,mRMR,MID,14:34:08.477700,14:39:29.250258,ALLAML
0.0311,0.0004,0.0086,0.0002,91.71000000000001,9.19,100.0,0.0,XGB,36,36,mRMR,MID,14:34:08.477700,14:39:29.250258,ALLAML
0.1064,0.0106,0.0025,0.0001,97.24000000000001,3.7900000000000005,100.0,0.0,MLP,36,36,mRMR,MID,14:34:08.477700,14:39:29.250258,ALLAML
0.0023,0.0001,0.0021,0.0001,95.81,6.34,98.61,0.7799999999999999,GaussianNB,36,36,mRMR,MID,14:34:08.477700,14:39:29.250258,ALLAML
0.0021,0.0001,0.0037,0.0001,94.57,5.609999999999999,95.83,1.55,KNeighbors,37,37,mRMR,MID,14:34:08.477700,14:39:29.250258,ALLAML
0.0026,0.0001,0.002,0.0,94.57,5.609999999999999,100.0,0.0,LinearSVC,37,37,mRMR,MID,14:34:08.477700,14:39:29.250258,ALLAML
0.1406,0.0002,0.0087,0.0,97.14,6.39,100.0,0.0,RandomForest,37,37,mRMR,MID,14:34:08.477700,14:39:29.250258,ALLAML
0.032,0.0004,0.0089,0.0001,91.71000000000001,9.19,100.0,0.0,XGB,37,37,mRMR,MID,14:34:08.477700,14:39:29.250258,ALLAML
0.1031,0.0095,0.0026,0.0001,97.24000000000001,3.7900000000000005,100.0,0.0,MLP,37,37,mRMR,MID,14:34:08.477700,14:39:29.250258,ALLAML
0.0023,0.0,0.002,0.0001,95.81,6.34,98.61,0.7799999999999999,GaussianNB,37,37,mRMR,MID,14:34:08.477700,14:39:29.250258,ALLAML
0.0021,0.0001,0.0037,0.0001,94.57,5.609999999999999,95.83,1.55,KNeighbors,38,38,mRMR,MID,14:34:08.477700,14:39:29.250258,ALLAML
0.0027,0.0001,0.002,0.0,94.57,5.609999999999999,100.0,0.0,LinearSVC,38,38,mRMR,MID,14:34:08.477700,14:39:29.250258,ALLAML
0.1403,0.0004,0.0087,0.0,95.81,6.34,100.0,0.0,RandomForest,38,38,mRMR,MID,14:34:08.477700,14:39:29.250258,ALLAML
0.0326,0.0005,0.0091,0.0002,91.71000000000001,9.19,100.0,0.0,XGB,38,38,mRMR,MID,14:34:08.477700,14:39:29.250258,ALLAML
0.1085,0.0095,0.0026,0.0,97.24000000000001,3.7900000000000005,100.0,0.0,MLP,38,38,mRMR,MID,14:34:08.477700,14:39:29.250258,ALLAML
0.0023,0.0001,0.0022,0.0001,95.81,6.34,98.61,0.7799999999999999,GaussianNB,38,38,mRMR,MID,14:34:08.477700,14:39:29.250258,ALLAML
0.0021,0.0001,0.0037,0.0001,93.24,8.17,95.83,1.55,KNeighbors,39,39,mRMR,MID,14:34:08.477700,14:39:29.250258,ALLAML
0.0029,0.0002,0.002,0.0,94.57,5.609999999999999,100.0,0.0,LinearSVC,39,39,mRMR,MID,14:34:08.477700,14:39:29.250258,ALLAML
0.141,0.0007,0.0087,0.0,95.81,6.34,100.0,0.0,RandomForest,39,39,mRMR,MID,14:34:08.477700,14:39:29.250258,ALLAML
0.0331,0.0005,0.0095,0.0002,91.71000000000001,9.19,100.0,0.0,XGB,39,39,mRMR,MID,14:34:08.477700,14:39:29.250258,ALLAML
0.1051,0.0122,0.0026,0.0,95.89999999999999,6.02,100.0,0.0,MLP,39,39,mRMR,MID,14:34:08.477700,14:39:29.250258,ALLAML
0.0023,0.0001,0.0022,0.0,95.81,6.34,98.61,0.7799999999999999,GaussianNB,39,39,mRMR,MID,14:34:08.477700,14:39:29.250258,ALLAML
0.0021,0.0001,0.0037,0.0002,93.24,8.17,95.83,1.55,KNeighbors,40,40,mRMR,MID,14:34:08.477700,14:39:29.250258,ALLAML
0.0028,0.0002,0.002,0.0,94.57,5.609999999999999,100.0,0.0,LinearSVC,40,40,mRMR,MID,14:34:08.477700,14:39:29.250258,ALLAML
0.1399,0.0005,0.0087,0.0001,95.81,6.34,100.0,0.0,RandomForest,40,40,mRMR,MID,14:34:08.477700,14:39:29.250258,ALLAML
0.0336,0.0004,0.0094,0.0,91.71000000000001,9.19,100.0,0.0,XGB,40,40,mRMR,MID,14:34:08.477700,14:39:29.250258,ALLAML
0.1138,0.0055,0.0026,0.0001,94.48,7.57,100.0,0.0,MLP,40,40,mRMR,MID,14:34:08.477700,14:39:29.250258,ALLAML
0.0023,0.0001,0.0022,0.0,95.81,6.34,98.61,0.7799999999999999,GaussianNB,40,40,mRMR,MID,14:34:08.477700,14:39:29.250258,ALLAML
0.0021,0.0001,0.0037,0.0002,94.57,5.609999999999999,96.17999999999999,1.9,KNeighbors,41,41,mRMR,MID,14:34:08.477700,14:39:29.250258,ALLAML
0.0029,0.0002,0.002,0.0,94.57,5.609999999999999,100.0,0.0,LinearSVC,41,41,mRMR,MID,14:34:08.477700,14:39:29.250258,ALLAML
0.1403,0.0005,0.0086,0.0,95.81,6.34,100.0,0.0,RandomForest,41,41,mRMR,MID,14:34:08.477700,14:39:29.250258,ALLAML
0.0341,0.0005,0.0097,0.0001,91.71000000000001,9.19,100.0,0.0,XGB,41,41,mRMR,MID,14:34:08.477700,14:39:29.250258,ALLAML
0.0998,0.008,0.0026,0.0001,97.24000000000001,3.7900000000000005,100.0,0.0,MLP,41,41,mRMR,MID,14:34:08.477700,14:39:29.250258,ALLAML
0.0023,0.0,0.0022,0.0,95.81,6.34,98.61,0.7799999999999999,GaussianNB,41,41,mRMR,MID,14:34:08.477700,14:39:29.250258,ALLAML
0.0021,0.0001,0.0037,0.0002,94.57,5.609999999999999,96.53,1.7399999999999998,KNeighbors,42,42,mRMR,MID,14:34:08.477700,14:39:29.250258,ALLAML
0.0029,0.0001,0.002,0.0,94.57,5.609999999999999,100.0,0.0,LinearSVC,42,42,mRMR,MID,14:34:08.477700,14:39:29.250258,ALLAML
0.14,0.0005,0.0087,0.0,95.81,6.34,100.0,0.0,RandomForest,42,42,mRMR,MID,14:34:08.477700,14:39:29.250258,ALLAML
0.0348,0.0005,0.0099,0.0001,91.71000000000001,9.19,100.0,0.0,XGB,42,42,mRMR,MID,14:34:08.477700,14:39:29.250258,ALLAML
0.0935,0.0095,0.0026,0.0,95.89999999999999,6.02,100.0,0.0,MLP,42,42,mRMR,MID,14:34:08.477700,14:39:29.250258,ALLAML
0.0023,0.0001,0.0022,0.0,95.81,6.34,98.61,0.7799999999999999,GaussianNB,42,42,mRMR,MID,14:34:08.477700,14:39:29.250258,ALLAML
0.0021,0.0001,0.0038,0.0002,95.89999999999999,3.74,96.17999999999999,1.9,KNeighbors,43,43,mRMR,MID,14:34:08.477700,14:39:29.250258,ALLAML
0.003,0.0,0.0021,0.0,94.57,5.609999999999999,100.0,0.0,LinearSVC,43,43,mRMR,MID,14:34:08.477700,14:39:29.250258,ALLAML
0.1418,0.0003,0.0088,0.0001,97.14,6.39,100.0,0.0,RandomForest,43,43,mRMR,MID,14:34:08.477700,14:39:29.250258,ALLAML
0.0357,0.0004,0.0104,0.0001,91.71000000000001,9.19,100.0,0.0,XGB,43,43,mRMR,MID,14:34:08.477700,14:39:29.250258,ALLAML
0.1096,0.0113,0.0027,0.0,94.48,7.57,100.0,0.0,MLP,43,43,mRMR,MID,14:34:08.477700,14:39:29.250258,ALLAML
0.0024,0.0001,0.0022,0.0,95.81,6.34,98.61,0.7799999999999999,GaussianNB,43,43,mRMR,MID,14:34:08.477700,14:39:29.250258,ALLAML
0.0021,0.0001,0.0037,0.0001,95.89999999999999,3.74,96.17999999999999,1.9,KNeighbors,44,44,mRMR,MID,14:34:08.477700,14:39:29.250258,ALLAML
0.0029,0.0001,0.002,0.0,94.48,3.1,100.0,0.0,LinearSVC,44,44,mRMR,MID,14:34:08.477700,14:39:29.250258,ALLAML
0.1412,0.0005,0.0088,0.0001,98.57000000000001,3.19,100.0,0.0,RandomForest,44,44,mRMR,MID,14:34:08.477700,14:39:29.250258,ALLAML
0.0362,0.0005,0.0105,0.0,91.71000000000001,9.19,100.0,0.0,XGB,44,44,mRMR,MID,14:34:08.477700,14:39:29.250258,ALLAML
0.0992,0.0063,0.0026,0.0001,97.24000000000001,3.7900000000000005,100.0,0.0,MLP,44,44,mRMR,MID,14:34:08.477700,14:39:29.250258,ALLAML
0.0024,0.0,0.0022,0.0001,95.81,6.34,98.61,0.7799999999999999,GaussianNB,44,44,mRMR,MID,14:34:08.477700,14:39:29.250258,ALLAML
0.0022,0.0001,0.0038,0.0002,97.24000000000001,3.7900000000000005,97.22,0.95,KNeighbors,45,45,mRMR,MID,14:34:08.477700,14:39:29.250258,ALLAML
0.0031,0.0001,0.0021,0.0,97.24000000000001,3.7900000000000005,100.0,0.0,LinearSVC,45,45,mRMR,MID,14:34:08.477700,14:39:29.250258,ALLAML
0.1413,0.0006,0.0088,0.0,95.81,6.34,100.0,0.0,RandomForest,45,45,mRMR,MID,14:34:08.477700,14:39:29.250258,ALLAML
0.0368,0.0005,0.0108,0.0001,91.71000000000001,9.19,100.0,0.0,XGB,45,45,mRMR,MID,14:34:08.477700,14:39:29.250258,ALLAML
0.098,0.0067,0.0026,0.0001,97.24000000000001,3.7900000000000005,100.0,0.0,MLP,45,45,mRMR,MID,14:34:08.477700,14:39:29.250258,ALLAML
0.0024,0.0001,0.0022,0.0001,97.24000000000001,3.7900000000000005,98.61,0.7799999999999999,GaussianNB,45,45,mRMR,MID,14:34:08.477700,14:39:29.250258,ALLAML
0.0022,0.0001,0.0038,0.0001,97.24000000000001,3.7900000000000005,97.22,0.95,KNeighbors,46,46,mRMR,MID,14:34:08.477700,14:39:29.250258,ALLAML
0.0031,0.0001,0.0021,0.0,97.24000000000001,3.7900000000000005,100.0,0.0,LinearSVC,46,46,mRMR,MID,14:34:08.477700,14:39:29.250258,ALLAML
0.1427,0.0008,0.0088,0.0001,95.89999999999999,6.02,100.0,0.0,RandomForest,46,46,mRMR,MID,14:34:08.477700,14:39:29.250258,ALLAML
0.0374,0.0007,0.0108,0.0001,91.71000000000001,9.19,100.0,0.0,XGB,46,46,mRMR,MID,14:34:08.477700,14:39:29.250258,ALLAML
0.092,0.0068,0.0026,0.0001,97.24000000000001,3.7900000000000005,100.0,0.0,MLP,46,46,mRMR,MID,14:34:08.477700,14:39:29.250258,ALLAML
0.0023,0.0,0.0022,0.0001,97.24000000000001,3.7900000000000005,98.61,0.7799999999999999,GaussianNB,46,46,mRMR,MID,14:34:08.477700,14:39:29.250258,ALLAML
0.0021,0.0001,0.0037,0.0001,97.24000000000001,3.7900000000000005,97.22,0.95,KNeighbors,47,47,mRMR,MID,14:34:08.477700,14:39:29.250258,ALLAML
0.003,0.0002,0.0021,0.0,95.81,3.83,100.0,0.0,LinearSVC,47,47,mRMR,MID,14:34:08.477700,14:39:29.250258,ALLAML
0.1403,0.0005,0.0087,0.0,95.81,6.34,100.0,0.0,RandomForest,47,47,mRMR,MID,14:34:08.477700,14:39:29.250258,ALLAML
0.0373,0.0004,0.0107,0.0001,91.71000000000001,9.19,100.0,0.0,XGB,47,47,mRMR,MID,14:34:08.477700,14:39:29.250258,ALLAML
0.0974,0.0051,0.0025,0.0001,97.24000000000001,3.7900000000000005,100.0,0.0,MLP,47,47,mRMR,MID,14:34:08.477700,14:39:29.250258,ALLAML
0.0023,0.0,0.0021,0.0001,97.24000000000001,3.7900000000000005,98.61,0.7799999999999999,GaussianNB,47,47,mRMR,MID,14:34:08.477700,14:39:29.250258,ALLAML
0.0021,0.0001,0.0037,0.0001,97.24000000000001,3.7900000000000005,97.22,0.95,KNeighbors,48,48,mRMR,MID,14:34:08.477700,14:39:29.250258,ALLAML
0.0031,0.0002,0.0021,0.0,97.24000000000001,3.7900000000000005,100.0,0.0,LinearSVC,48,48,mRMR,MID,14:34:08.477700,14:39:29.250258,ALLAML
0.1403,0.0006,0.0087,0.0,97.24000000000001,3.7900000000000005,100.0,0.0,RandomForest,48,48,mRMR,MID,14:34:08.477700,14:39:29.250258,ALLAML
0.0378,0.0005,0.0108,0.0001,91.71000000000001,9.19,100.0,0.0,XGB,48,48,mRMR,MID,14:34:08.477700,14:39:29.250258,ALLAML
0.0956,0.0073,0.0026,0.0,97.24000000000001,3.7900000000000005,100.0,0.0,MLP,48,48,mRMR,MID,14:34:08.477700,14:39:29.250258,ALLAML
0.0023,0.0,0.0022,0.0,97.24000000000001,3.7900000000000005,98.61,0.7799999999999999,GaussianNB,48,48,mRMR,MID,14:34:08.477700,14:39:29.250258,ALLAML
0.0021,0.0001,0.0037,0.0001,97.24000000000001,3.7900000000000005,97.22,0.95,KNeighbors,49,49,mRMR,MID,14:34:08.477700,14:39:29.250258,ALLAML
0.0031,0.0002,0.002,0.0,95.89999999999999,3.74,100.0,0.0,LinearSVC,49,49,mRMR,MID,14:34:08.477700,14:39:29.250258,ALLAML
0.1409,0.0006,0.0087,0.0,97.24000000000001,3.7900000000000005,100.0,0.0,RandomForest,49,49,mRMR,MID,14:34:08.477700,14:39:29.250258,ALLAML
0.0381,0.0004,0.011,0.0002,91.71000000000001,9.19,100.0,0.0,XGB,49,49,mRMR,MID,14:34:08.477700,14:39:29.250258,ALLAML
0.0903,0.0055,0.0026,0.0,97.24000000000001,3.7900000000000005,100.0,0.0,MLP,49,49,mRMR,MID,14:34:08.477700,14:39:29.250258,ALLAML
0.0023,0.0001,0.0022,0.0,97.24000000000001,3.7900000000000005,98.61,0.7799999999999999,GaussianNB,49,49,mRMR,MID,14:34:08.477700,14:39:29.250258,ALLAML
0.0021,0.0001,0.0037,0.0002,97.24000000000001,3.7900000000000005,97.22,0.95,KNeighbors,50,50,mRMR,MID,14:34:08.477700,14:39:29.250258,ALLAML
0.0031,0.0003,0.0021,0.0,95.89999999999999,3.74,100.0,0.0,LinearSVC,50,50,mRMR,MID,14:34:08.477700,14:39:29.250258,ALLAML
0.1407,0.0006,0.0087,0.0,97.14,6.39,100.0,0.0,RandomForest,50,50,mRMR,MID,14:34:08.477700,14:39:29.250258,ALLAML
0.0386,0.0004,0.0112,0.0002,91.71000000000001,9.19,100.0,0.0,XGB,50,50,mRMR,MID,14:34:08.477700,14:39:29.250258,ALLAML
0.0948,0.0074,0.0026,0.0001,97.24000000000001,3.7900000000000005,100.0,0.0,MLP,50,50,mRMR,MID,14:34:08.477700,14:39:29.250258,ALLAML
0.0024,0.0,0.0022,0.0,97.24000000000001,3.7900000000000005,98.61,0.7799999999999999,GaussianNB,50,50,mRMR,MID,14:34:08.477700,14:39:29.250258,ALLAML
0.0021,0.0001,0.0038,0.0001,97.24000000000001,3.7900000000000005,97.22,0.95,KNeighbors,51,51,mRMR,MID,14:34:08.477700,14:39:29.250258,ALLAML
0.0032,0.0002,0.0021,0.0,95.89999999999999,3.74,100.0,0.0,LinearSVC,51,51,mRMR,MID,14:34:08.477700,14:39:29.250258,ALLAML
0.1408,0.0005,0.0088,0.0001,95.81,6.34,100.0,0.0,RandomForest,51,51,mRMR,MID,14:34:08.477700,14:39:29.250258,ALLAML
0.0392,0.0005,0.0112,0.0,91.71000000000001,9.19,100.0,0.0,XGB,51,51,mRMR,MID,14:34:08.477700,14:39:29.250258,ALLAML
0.0949,0.0053,0.0026,0.0001,97.24000000000001,3.7900000000000005,100.0,0.0,MLP,51,51,mRMR,MID,14:34:08.477700,14:39:29.250258,ALLAML
0.0024,0.0,0.0022,0.0,97.24000000000001,3.7900000000000005,98.61,0.7799999999999999,GaussianNB,51,51,mRMR,MID,14:34:08.477700,14:39:29.250258,ALLAML
0.0021,0.0001,0.0037,0.0002,97.24000000000001,3.7900000000000005,96.17999999999999,1.44,KNeighbors,52,52,mRMR,MID,14:34:08.477700,14:39:29.250258,ALLAML
0.0031,0.0004,0.002,0.0,95.89999999999999,3.74,100.0,0.0,LinearSVC,52,52,mRMR,MID,14:34:08.477700,14:39:29.250258,ALLAML
0.1411,0.0008,0.0087,0.0,95.81,6.34,100.0,0.0,RandomForest,52,52,mRMR,MID,14:34:08.477700,14:39:29.250258,ALLAML
0.0398,0.0005,0.0116,0.0002,91.71000000000001,9.19,100.0,0.0,XGB,52,52,mRMR,MID,14:34:08.477700,14:39:29.250258,ALLAML
0.101,0.0055,0.0026,0.0001,97.24000000000001,3.7900000000000005,100.0,0.0,MLP,52,52,mRMR,MID,14:34:08.477700,14:39:29.250258,ALLAML
0.0023,0.0,0.0022,0.0,97.24000000000001,3.7900000000000005,98.61,0.7799999999999999,GaussianNB,52,52,mRMR,MID,14:34:08.477700,14:39:29.250258,ALLAML
0.0022,0.0001,0.0037,0.0002,95.89999999999999,3.74,96.17999999999999,1.44,KNeighbors,53,53,mRMR,MID,14:34:08.477700,14:39:29.250258,ALLAML
0.0032,0.0002,0.002,0.0,97.24000000000001,3.7900000000000005,100.0,0.0,LinearSVC,53,53,mRMR,MID,14:34:08.477700,14:39:29.250258,ALLAML
0.1412,0.0006,0.0088,0.0,97.14,6.39,100.0,0.0,RandomForest,53,53,mRMR,MID,14:34:08.477700,14:39:29.250258,ALLAML
0.0402,0.0005,0.0116,0.0001,91.71000000000001,9.19,100.0,0.0,XGB,53,53,mRMR,MID,14:34:08.477700,14:39:29.250258,ALLAML
0.0958,0.0082,0.0026,0.0001,97.24000000000001,3.7900000000000005,100.0,0.0,MLP,53,53,mRMR,MID,14:34:08.477700,14:39:29.250258,ALLAML
0.0023,0.0,0.0021,0.0,97.24000000000001,3.7900000000000005,98.61,0.7799999999999999,GaussianNB,53,53,mRMR,MID,14:34:08.477700,14:39:29.250258,ALLAML
0.0022,0.0001,0.0038,0.0002,95.89999999999999,3.74,96.87,0.79,KNeighbors,54,54,mRMR,MID,14:34:08.477700,14:39:29.250258,ALLAML
0.0033,0.0003,0.0021,0.0,97.24000000000001,3.7900000000000005,100.0,0.0,LinearSVC,54,54,mRMR,MID,14:34:08.477700,14:39:29.250258,ALLAML
0.1412,0.0004,0.0087,0.0,97.14,6.39,100.0,0.0,RandomForest,54,54,mRMR,MID,14:34:08.477700,14:39:29.250258,ALLAML
0.0407,0.0003,0.0118,0.0001,91.71000000000001,9.19,100.0,0.0,XGB,54,54,mRMR,MID,14:34:08.477700,14:39:29.250258,ALLAML
0.0949,0.0062,0.0026,0.0,97.24000000000001,3.7900000000000005,100.0,0.0,MLP,54,54,mRMR,MID,14:34:08.477700,14:39:29.250258,ALLAML
0.0024,0.0001,0.0022,0.0001,97.24000000000001,3.7900000000000005,98.61,0.7799999999999999,GaussianNB,54,54,mRMR,MID,14:34:08.477700,14:39:29.250258,ALLAML
0.0021,0.0,0.0037,0.0002,95.89999999999999,3.74,96.87,0.79,KNeighbors,55,55,mRMR,MID,14:34:08.477700,14:39:29.250258,ALLAML
0.0033,0.0003,0.0021,0.0,97.24000000000001,3.7900000000000005,100.0,0.0,LinearSVC,55,55,mRMR,MID,14:34:08.477700,14:39:29.250258,ALLAML
0.1408,0.0005,0.0087,0.0,98.57000000000001,3.19,100.0,0.0,RandomForest,55,55,mRMR,MID,14:34:08.477700,14:39:29.250258,ALLAML
0.0412,0.0007,0.0119,0.0,91.71000000000001,9.19,100.0,0.0,XGB,55,55,mRMR,MID,14:34:08.477700,14:39:29.250258,ALLAML
0.0789,0.0051,0.0026,0.0,97.24000000000001,3.7900000000000005,100.0,0.0,MLP,55,55,mRMR,MID,14:34:08.477700,14:39:29.250258,ALLAML
0.0023,0.0001,0.0022,0.0001,97.24000000000001,3.7900000000000005,98.61,0.7799999999999999,GaussianNB,55,55,mRMR,MID,14:34:08.477700,14:39:29.250258,ALLAML
0.0022,0.0001,0.0037,0.0002,95.89999999999999,3.74,96.87,0.79,KNeighbors,56,56,mRMR,MID,14:34:08.477700,14:39:29.250258,ALLAML
0.0035,0.0005,0.0021,0.0001,97.24000000000001,3.7900000000000005,100.0,0.0,LinearSVC,56,56,mRMR,MID,14:34:08.477700,14:39:29.250258,ALLAML
0.1409,0.0006,0.0087,0.0001,95.81,6.34,100.0,0.0,RandomForest,56,56,mRMR,MID,14:34:08.477700,14:39:29.250258,ALLAML
0.0416,0.0004,0.0121,0.0002,91.71000000000001,9.19,100.0,0.0,XGB,56,56,mRMR,MID,14:34:08.477700,14:39:29.250258,ALLAML
0.0789,0.0074,0.0026,0.0,97.24000000000001,3.7900000000000005,100.0,0.0,MLP,56,56,mRMR,MID,14:34:08.477700,14:39:29.250258,ALLAML
0.0023,0.0001,0.0023,0.0,95.81,6.34,98.61,0.7799999999999999,GaussianNB,56,56,mRMR,MID,14:34:08.477700,14:39:29.250258,ALLAML
0.0022,0.0001,0.0037,0.0002,95.89999999999999,3.74,96.87,0.79,KNeighbors,57,57,mRMR,MID,14:34:08.477700,14:39:29.250258,ALLAML
0.0034,0.0004,0.0022,0.0,97.24000000000001,3.7900000000000005,100.0,0.0,LinearSVC,57,57,mRMR,MID,14:34:08.477700,14:39:29.250258,ALLAML
0.141,0.0008,0.0087,0.0,95.81,6.34,100.0,0.0,RandomForest,57,57,mRMR,MID,14:34:08.477700,14:39:29.250258,ALLAML
0.0421,0.0004,0.0124,0.0003,91.71000000000001,9.19,100.0,0.0,XGB,57,57,mRMR,MID,14:34:08.477700,14:39:29.250258,ALLAML
0.0874,0.0077,0.0026,0.0,97.24000000000001,3.7900000000000005,100.0,0.0,MLP,57,57,mRMR,MID,14:34:08.477700,14:39:29.250258,ALLAML
0.0024,0.0,0.0023,0.0,95.81,6.34,98.61,0.7799999999999999,GaussianNB,57,57,mRMR,MID,14:34:08.477700,14:39:29.250258,ALLAML
0.0022,0.0001,0.0038,0.0002,97.24000000000001,3.7900000000000005,96.87,0.79,KNeighbors,58,58,mRMR,MID,14:34:08.477700,14:39:29.250258,ALLAML
0.0031,0.0004,0.0021,0.0001,95.81,3.83,100.0,0.0,LinearSVC,58,58,mRMR,MID,14:34:08.477700,14:39:29.250258,ALLAML
0.1414,0.0004,0.0087,0.0,98.57000000000001,3.19,100.0,0.0,RandomForest,58,58,mRMR,MID,14:34:08.477700,14:39:29.250258,ALLAML
0.0426,0.0004,0.0124,0.0002,91.71000000000001,9.19,100.0,0.0,XGB,58,58,mRMR,MID,14:34:08.477700,14:39:29.250258,ALLAML
0.0849,0.0065,0.0024,0.0001,97.24000000000001,3.7900000000000005,100.0,0.0,MLP,58,58,mRMR,MID,14:34:08.477700,14:39:29.250258,ALLAML
0.0023,0.0,0.0022,0.0,95.81,6.34,98.61,0.7799999999999999,GaussianNB,58,58,mRMR,MID,14:34:08.477700,14:39:29.250258,ALLAML
0.0022,0.0001,0.0038,0.0002,97.24000000000001,3.7900000000000005,96.87,0.79,KNeighbors,59,59,mRMR,MID,14:34:08.477700,14:39:29.250258,ALLAML
0.0026,0.0001,0.002,0.0,95.81,3.83,100.0,0.0,LinearSVC,59,59,mRMR,MID,14:34:08.477700,14:39:29.250258,ALLAML
0.1409,0.0004,0.0087,0.0001,95.81,6.34,100.0,0.0,RandomForest,59,59,mRMR,MID,14:34:08.477700,14:39:29.250258,ALLAML
0.0431,0.0006,0.0126,0.0002,91.71000000000001,9.19,100.0,0.0,XGB,59,59,mRMR,MID,14:34:08.477700,14:39:29.250258,ALLAML
0.0898,0.007,0.0025,0.0001,95.81,6.34,100.0,0.0,MLP,59,59,mRMR,MID,14:34:08.477700,14:39:29.250258,ALLAML
0.0024,0.0001,0.0022,0.0,95.81,6.34,98.61,0.7799999999999999,GaussianNB,59,59,mRMR,MID,14:34:08.477700,14:39:29.250258,ALLAML
0.0022,0.0001,0.0038,0.0001,97.24000000000001,3.7900000000000005,96.87,0.79,KNeighbors,60,60,mRMR,MID,14:34:08.477700,14:39:29.250258,ALLAML
0.0027,0.0,0.0021,0.0,94.38,3.15,100.0,0.0,LinearSVC,60,60,mRMR,MID,14:34:08.477700,14:39:29.250258,ALLAML
0.1406,0.0006,0.0087,0.0,98.57000000000001,3.19,100.0,0.0,RandomForest,60,60,mRMR,MID,14:34:08.477700,14:39:29.250258,ALLAML
0.0438,0.0005,0.0129,0.0002,91.71000000000001,9.19,100.0,0.0,XGB,60,60,mRMR,MID,14:34:08.477700,14:39:29.250258,ALLAML
0.0803,0.0069,0.0026,0.0,97.24000000000001,3.7900000000000005,100.0,0.0,MLP,60,60,mRMR,MID,14:34:08.477700,14:39:29.250258,ALLAML
0.0024,0.0,0.0023,0.0,95.81,6.34,98.61,0.7799999999999999,GaussianNB,60,60,mRMR,MID,14:34:08.477700,14:39:29.250258,ALLAML
0.0022,0.0001,0.0038,0.0002,97.24000000000001,3.7900000000000005,96.87,0.79,KNeighbors,61,61,mRMR,MID,14:34:08.477700,14:39:29.250258,ALLAML
0.0027,0.0,0.002,0.0001,94.38,3.15,100.0,0.0,LinearSVC,61,61,mRMR,MID,14:34:08.477700,14:39:29.250258,ALLAML
0.1406,0.0004,0.0087,0.0,97.14,6.39,100.0,0.0,RandomForest,61,61,mRMR,MID,14:34:08.477700,14:39:29.250258,ALLAML
0.0441,0.0004,0.013,0.0002,91.71000000000001,9.19,100.0,0.0,XGB,61,61,mRMR,MID,14:34:08.477700,14:39:29.250258,ALLAML
0.0838,0.0055,0.0026,0.0001,97.24000000000001,3.7900000000000005,100.0,0.0,MLP,61,61,mRMR,MID,14:34:08.477700,14:39:29.250258,ALLAML
0.0024,0.0001,0.0022,0.0,95.81,6.34,98.61,0.7799999999999999,GaussianNB,61,61,mRMR,MID,14:34:08.477700,14:39:29.250258,ALLAML
0.0022,0.0001,0.0038,0.0002,97.24000000000001,3.7900000000000005,96.87,0.79,KNeighbors,62,62,mRMR,MID,14:34:08.477700,14:39:29.250258,ALLAML
0.0027,0.0,0.0021,0.0,94.38,3.15,100.0,0.0,LinearSVC,62,62,mRMR,MID,14:34:08.477700,14:39:29.250258,ALLAML
0.1411,0.0003,0.0087,0.0001,97.14,6.39,100.0,0.0,RandomForest,62,62,mRMR,MID,14:34:08.477700,14:39:29.250258,ALLAML
0.0445,0.0005,0.0131,0.0002,91.71000000000001,9.19,100.0,0.0,XGB,62,62,mRMR,MID,14:34:08.477700,14:39:29.250258,ALLAML
0.0852,0.0072,0.0025,0.0001,97.24000000000001,3.7900000000000005,100.0,0.0,MLP,62,62,mRMR,MID,14:34:08.477700,14:39:29.250258,ALLAML
0.0024,0.0,0.0022,0.0001,95.81,6.34,98.61,0.7799999999999999,GaussianNB,62,62,mRMR,MID,14:34:08.477700,14:39:29.250258,ALLAML
0.0022,0.0001,0.0038,0.0002,97.24000000000001,3.7900000000000005,96.87,0.79,KNeighbors,63,63,mRMR,MID,14:34:08.477700,14:39:29.250258,ALLAML
0.0026,0.0,0.0021,0.0001,94.38,3.15,100.0,0.0,LinearSVC,63,63,mRMR,MID,14:34:08.477700,14:39:29.250258,ALLAML
0.1411,0.0017,0.0087,0.0001,97.14,6.39,100.0,0.0,RandomForest,63,63,mRMR,MID,14:34:08.477700,14:39:29.250258,ALLAML
0.045,0.0005,0.0132,0.0002,91.71000000000001,9.19,100.0,0.0,XGB,63,63,mRMR,MID,14:34:08.477700,14:39:29.250258,ALLAML
0.0825,0.0074,0.0026,0.0,97.24000000000001,3.7900000000000005,100.0,0.0,MLP,63,63,mRMR,MID,14:34:08.477700,14:39:29.250258,ALLAML
0.0024,0.0,0.0023,0.0,95.81,6.34,98.61,0.7799999999999999,GaussianNB,63,63,mRMR,MID,14:34:08.477700,14:39:29.250258,ALLAML
0.0022,0.0001,0.0038,0.0001,97.24000000000001,3.7900000000000005,96.87,0.79,KNeighbors,64,64,mRMR,MID,14:34:08.477700,14:39:29.250258,ALLAML
0.0027,0.0001,0.0021,0.0,97.24000000000001,3.7900000000000005,100.0,0.0,LinearSVC,64,64,mRMR,MID,14:34:08.477700,14:39:29.250258,ALLAML
0.1416,0.0004,0.0087,0.0,98.57000000000001,3.19,100.0,0.0,RandomForest,64,64,mRMR,MID,14:34:08.477700,14:39:29.250258,ALLAML
0.0456,0.0005,0.0135,0.0003,91.71000000000001,9.19,100.0,0.0,XGB,64,64,mRMR,MID,14:34:08.477700,14:39:29.250258,ALLAML
0.0824,0.0052,0.0026,0.0,97.24000000000001,3.7900000000000005,100.0,0.0,MLP,64,64,mRMR,MID,14:34:08.477700,14:39:29.250258,ALLAML
0.0025,0.0,0.0023,0.0,95.81,6.34,98.61,0.7799999999999999,GaussianNB,64,64,mRMR,MID,14:34:08.477700,14:39:29.250258,ALLAML
0.0022,0.0001,0.0038,0.0002,95.89999999999999,3.74,96.87,0.79,KNeighbors,65,65,mRMR,MID,14:34:08.477700,14:39:29.250258,ALLAML
0.0027,0.0,0.0021,0.0,97.24000000000001,3.7900000000000005,100.0,0.0,LinearSVC,65,65,mRMR,MID,14:34:08.477700,14:39:29.250258,ALLAML
0.1412,0.0006,0.0087,0.0,95.81,6.34,100.0,0.0,RandomForest,65,65,mRMR,MID,14:34:08.477700,14:39:29.250258,ALLAML
0.0461,0.0004,0.0136,0.0002,91.71000000000001,9.19,100.0,0.0,XGB,65,65,mRMR,MID,14:34:08.477700,14:39:29.250258,ALLAML
0.0808,0.0046,0.0026,0.0,97.24000000000001,3.7900000000000005,100.0,0.0,MLP,65,65,mRMR,MID,14:34:08.477700,14:39:29.250258,ALLAML
0.0025,0.0,0.0023,0.0,95.81,6.34,98.61,0.7799999999999999,GaussianNB,65,65,mRMR,MID,14:34:08.477700,14:39:29.250258,ALLAML
0.0023,0.0001,0.0038,0.0001,95.89999999999999,3.74,96.87,0.79,KNeighbors,66,66,mRMR,MID,14:34:08.477700,14:39:29.250258,ALLAML
0.0027,0.0,0.0021,0.0,97.24000000000001,3.7900000000000005,100.0,0.0,LinearSVC,66,66,mRMR,MID,14:34:08.477700,14:39:29.250258,ALLAML
0.1418,0.0005,0.0087,0.0,97.14,6.39,100.0,0.0,RandomForest,66,66,mRMR,MID,14:34:08.477700,14:39:29.250258,ALLAML
0.0467,0.0004,0.0138,0.0002,91.71000000000001,9.19,100.0,0.0,XGB,66,66,mRMR,MID,14:34:08.477700,14:39:29.250258,ALLAML
0.0772,0.0053,0.0026,0.0001,97.24000000000001,3.7900000000000005,100.0,0.0,MLP,66,66,mRMR,MID,14:34:08.477700,14:39:29.250258,ALLAML
0.0025,0.0,0.0023,0.0,95.81,6.34,98.61,0.7799999999999999,GaussianNB,66,66,mRMR,MID,14:34:08.477700,14:39:29.250258,ALLAML
0.0023,0.0001,0.0038,0.0001,97.24000000000001,3.7900000000000005,97.91,1.47,KNeighbors,67,67,mRMR,MID,14:34:08.477700,14:39:29.250258,ALLAML
0.0028,0.0001,0.0021,0.0,97.24000000000001,3.7900000000000005,100.0,0.0,LinearSVC,67,67,mRMR,MID,14:34:08.477700,14:39:29.250258,ALLAML
0.1422,0.0006,0.0088,0.0001,97.14,6.39,100.0,0.0,RandomForest,67,67,mRMR,MID,14:34:08.477700,14:39:29.250258,ALLAML
0.0476,0.0004,0.0143,0.0003,91.71000000000001,9.19,100.0,0.0,XGB,67,67,mRMR,MID,14:34:08.477700,14:39:29.250258,ALLAML
0.0859,0.005,0.0027,0.0,97.24000000000001,3.7900000000000005,100.0,0.0,MLP,67,67,mRMR,MID,14:34:08.477700,14:39:29.250258,ALLAML
0.0025,0.0,0.0023,0.0,95.81,6.34,98.61,0.7799999999999999,GaussianNB,67,67,mRMR,MID,14:34:08.477700,14:39:29.250258,ALLAML
0.0023,0.0001,0.0039,0.0002,95.89999999999999,3.74,97.91,1.47,KNeighbors,68,68,mRMR,MID,14:34:08.477700,14:39:29.250258,ALLAML
0.0028,0.0,0.0021,0.0,97.24000000000001,3.7900000000000005,100.0,0.0,LinearSVC,68,68,mRMR,MID,14:34:08.477700,14:39:29.250258,ALLAML
0.1424,0.0006,0.0088,0.0,97.14,6.39,100.0,0.0,RandomForest,68,68,mRMR,MID,14:34:08.477700,14:39:29.250258,ALLAML
0.0481,0.0004,0.0145,0.0002,91.71000000000001,9.19,100.0,0.0,XGB,68,68,mRMR,MID,14:34:08.477700,14:39:29.250258,ALLAML
0.0725,0.0049,0.0027,0.0,97.24000000000001,3.7900000000000005,100.0,0.0,MLP,68,68,mRMR,MID,14:34:08.477700,14:39:29.250258,ALLAML
0.0025,0.0,0.0023,0.0,95.81,6.34,98.61,0.7799999999999999,GaussianNB,68,68,mRMR,MID,14:34:08.477700,14:39:29.250258,ALLAML
0.0023,0.0001,0.0038,0.0001,98.57000000000001,3.19,97.91,1.47,KNeighbors,69,69,mRMR,MID,14:34:08.477700,14:39:29.250258,ALLAML
0.0028,0.0,0.0021,0.0,97.24000000000001,3.7900000000000005,100.0,0.0,LinearSVC,69,69,mRMR,MID,14:34:08.477700,14:39:29.250258,ALLAML
0.1423,0.0007,0.0088,0.0,97.14,6.39,100.0,0.0,RandomForest,69,69,mRMR,MID,14:34:08.477700,14:39:29.250258,ALLAML
0.0485,0.0004,0.0146,0.0002,91.71000000000001,9.19,100.0,0.0,XGB,69,69,mRMR,MID,14:34:08.477700,14:39:29.250258,ALLAML
0.0748,0.0048,0.0027,0.0,97.24000000000001,3.7900000000000005,100.0,0.0,MLP,69,69,mRMR,MID,14:34:08.477700,14:39:29.250258,ALLAML
0.0025,0.0,0.0024,0.0,95.81,6.34,98.61,0.7799999999999999,GaussianNB,69,69,mRMR,MID,14:34:08.477700,14:39:29.250258,ALLAML
0.0023,0.0001,0.0039,0.0002,98.57000000000001,3.19,97.91,1.47,KNeighbors,70,70,mRMR,MID,14:34:08.477700,14:39:29.250258,ALLAML
0.0028,0.0,0.0021,0.0,97.24000000000001,3.7900000000000005,100.0,0.0,LinearSVC,70,70,mRMR,MID,14:34:08.477700,14:39:29.250258,ALLAML
0.1418,0.0013,0.0088,0.0,97.14,6.39,100.0,0.0,RandomForest,70,70,mRMR,MID,14:34:08.477700,14:39:29.250258,ALLAML
0.0489,0.0004,0.0146,0.0002,91.71000000000001,9.19,100.0,0.0,XGB,70,70,mRMR,MID,14:34:08.477700,14:39:29.250258,ALLAML
0.0752,0.0062,0.0027,0.0001,97.24000000000001,3.7900000000000005,100.0,0.0,MLP,70,70,mRMR,MID,14:34:08.477700,14:39:29.250258,ALLAML
0.0025,0.0,0.0023,0.0,95.81,6.34,98.61,0.7799999999999999,GaussianNB,70,70,mRMR,MID,14:34:08.477700,14:39:29.250258,ALLAML
0.0023,0.0001,0.0039,0.0002,98.57000000000001,3.19,97.22,0.97,KNeighbors,71,71,mRMR,MID,14:34:08.477700,14:39:29.250258,ALLAML
0.0028,0.0,0.0021,0.0,97.24000000000001,3.7900000000000005,100.0,0.0,LinearSVC,71,71,mRMR,MID,14:34:08.477700,14:39:29.250258,ALLAML
0.142,0.0004,0.0088,0.0,97.24000000000001,3.7900000000000005,100.0,0.0,RandomForest,71,71,mRMR,MID,14:34:08.477700,14:39:29.250258,ALLAML
0.0498,0.0004,0.0151,0.0002,91.71000000000001,9.19,100.0,0.0,XGB,71,71,mRMR,MID,14:34:08.477700,14:39:29.250258,ALLAML
0.0848,0.0068,0.0027,0.0,97.24000000000001,3.7900000000000005,100.0,0.0,MLP,71,71,mRMR,MID,14:34:08.477700,14:39:29.250258,ALLAML
0.0025,0.0,0.0024,0.0,95.81,6.34,98.61,0.7799999999999999,GaussianNB,71,71,mRMR,MID,14:34:08.477700,14:39:29.250258,ALLAML
0.0023,0.0001,0.0039,0.0001,98.57000000000001,3.19,97.91,1.47,KNeighbors,72,72,mRMR,MID,14:34:08.477700,14:39:29.250258,ALLAML
0.0028,0.0,0.0022,0.0,97.24000000000001,3.7900000000000005,100.0,0.0,LinearSVC,72,72,mRMR,MID,14:34:08.477700,14:39:29.250258,ALLAML
0.1423,0.0005,0.0089,0.0003,97.14,6.39,100.0,0.0,RandomForest,72,72,mRMR,MID,14:34:08.477700,14:39:29.250258,ALLAML
0.0503,0.0005,0.0152,0.0002,91.71000000000001,9.19,100.0,0.0,XGB,72,72,mRMR,MID,14:34:08.477700,14:39:29.250258,ALLAML
0.084,0.0053,0.0027,0.0,97.24000000000001,3.7900000000000005,100.0,0.0,MLP,72,72,mRMR,MID,14:34:08.477700,14:39:29.250258,ALLAML
0.0025,0.0,0.0024,0.0,95.81,6.34,98.61,0.7799999999999999,GaussianNB,72,72,mRMR,MID,14:34:08.477700,14:39:29.250258,ALLAML
0.0023,0.0001,0.0039,0.0002,97.24000000000001,3.7900000000000005,98.26,1.24,KNeighbors,73,73,mRMR,MID,14:34:08.477700,14:39:29.250258,ALLAML
0.0028,0.0,0.0022,0.0,97.24000000000001,3.7900000000000005,100.0,0.0,LinearSVC,73,73,mRMR,MID,14:34:08.477700,14:39:29.250258,ALLAML
0.1423,0.0008,0.0088,0.0,97.14,6.39,100.0,0.0,RandomForest,73,73,mRMR,MID,14:34:08.477700,14:39:29.250258,ALLAML
0.0508,0.0006,0.0153,0.0001,91.71000000000001,9.19,100.0,0.0,XGB,73,73,mRMR,MID,14:34:08.477700,14:39:29.250258,ALLAML
0.0773,0.0058,0.0027,0.0,97.24000000000001,3.7900000000000005,100.0,0.0,MLP,73,73,mRMR,MID,14:34:08.477700,14:39:29.250258,ALLAML
0.0025,0.0,0.0024,0.0,95.81,6.34,98.61,0.7799999999999999,GaussianNB,73,73,mRMR,MID,14:34:08.477700,14:39:29.250258,ALLAML
0.0023,0.0001,0.0039,0.0002,97.24000000000001,3.7900000000000005,98.26,1.24,KNeighbors,74,74,mRMR,MID,14:34:08.477700,14:39:29.250258,ALLAML
0.0028,0.0,0.0022,0.0,97.24000000000001,3.7900000000000005,100.0,0.0,LinearSVC,74,74,mRMR,MID,14:34:08.477700,14:39:29.250258,ALLAML
0.1419,0.0006,0.0088,0.0,97.14,6.39,100.0,0.0,RandomForest,74,74,mRMR,MID,14:34:08.477700,14:39:29.250258,ALLAML
0.0511,0.0006,0.0155,0.0004,91.71000000000001,9.19,100.0,0.0,XGB,74,74,mRMR,MID,14:34:08.477700,14:39:29.250258,ALLAML
0.0719,0.0058,0.0027,0.0,97.24000000000001,3.7900000000000005,100.0,0.0,MLP,74,74,mRMR,MID,14:34:08.477700,14:39:29.250258,ALLAML
0.0025,0.0,0.0023,0.0,95.81,6.34,98.61,0.7799999999999999,GaussianNB,74,74,mRMR,MID,14:34:08.477700,14:39:29.250258,ALLAML
0.0023,0.0001,0.0039,0.0002,97.24000000000001,3.7900000000000005,98.26,1.24,KNeighbors,75,75,mRMR,MID,14:34:08.477700,14:39:29.250258,ALLAML
0.0028,0.0,0.0022,0.0,97.24000000000001,3.7900000000000005,100.0,0.0,LinearSVC,75,75,mRMR,MID,14:34:08.477700,14:39:29.250258,ALLAML
0.1416,0.0004,0.0089,0.0002,95.81,6.34,100.0,0.0,RandomForest,75,75,mRMR,MID,14:34:08.477700,14:39:29.250258,ALLAML
0.0516,0.0006,0.0155,0.0003,90.38000000000001,10.5,100.0,0.0,XGB,75,75,mRMR,MID,14:34:08.477700,14:39:29.250258,ALLAML
0.0778,0.0066,0.0027,0.0,97.24000000000001,3.7900000000000005,100.0,0.0,MLP,75,75,mRMR,MID,14:34:08.477700,14:39:29.250258,ALLAML
0.0025,0.0,0.0023,0.0001,95.81,6.34,98.61,0.7799999999999999,GaussianNB,75,75,mRMR,MID,14:34:08.477700,14:39:29.250258,ALLAML
0.0023,0.0001,0.0039,0.0002,98.57000000000001,3.19,98.61,0.7799999999999999,KNeighbors,76,76,mRMR,MID,14:34:08.477700,14:39:29.250258,ALLAML
0.0028,0.0,0.0022,0.0,97.24000000000001,3.7900000000000005,100.0,0.0,LinearSVC,76,76,mRMR,MID,14:34:08.477700,14:39:29.250258,ALLAML
0.1412,0.0006,0.0088,0.0,98.57000000000001,3.19,100.0,0.0,RandomForest,76,76,mRMR,MID,14:34:08.477700,14:39:29.250258,ALLAML
0.052,0.0006,0.0156,0.0003,90.38000000000001,10.5,100.0,0.0,XGB,76,76,mRMR,MID,14:34:08.477700,14:39:29.250258,ALLAML
0.0747,0.0058,0.0027,0.0,97.24000000000001,3.7900000000000005,100.0,0.0,MLP,76,76,mRMR,MID,14:34:08.477700,14:39:29.250258,ALLAML
0.0025,0.0,0.0023,0.0,95.81,6.34,98.61,0.7799999999999999,GaussianNB,76,76,mRMR,MID,14:34:08.477700,14:39:29.250258,ALLAML
0.0023,0.0001,0.0039,0.0002,97.24000000000001,3.7900000000000005,98.61,0.7799999999999999,KNeighbors,77,77,mRMR,MID,14:34:08.477700,14:39:29.250258,ALLAML
0.0028,0.0001,0.0022,0.0,97.24000000000001,3.7900000000000005,100.0,0.0,LinearSVC,77,77,mRMR,MID,14:34:08.477700,14:39:29.250258,ALLAML
0.1423,0.0005,0.0088,0.0001,97.14,6.39,100.0,0.0,RandomForest,77,77,mRMR,MID,14:34:08.477700,14:39:29.250258,ALLAML
0.0526,0.0005,0.0157,0.0003,90.38000000000001,10.5,100.0,0.0,XGB,77,77,mRMR,MID,14:34:08.477700,14:39:29.250258,ALLAML
0.0701,0.0038,0.0027,0.0,97.24000000000001,3.7900000000000005,100.0,0.0,MLP,77,77,mRMR,MID,14:34:08.477700,14:39:29.250258,ALLAML
0.0025,0.0,0.0024,0.0001,95.81,6.34,98.61,0.7799999999999999,GaussianNB,77,77,mRMR,MID,14:34:08.477700,14:39:29.250258,ALLAML
0.0023,0.0001,0.0039,0.0002,97.24000000000001,3.7900000000000005,98.61,0.7799999999999999,KNeighbors,78,78,mRMR,MID,14:34:08.477700,14:39:29.250258,ALLAML
0.0028,0.0001,0.0022,0.0,97.24000000000001,3.7900000000000005,100.0,0.0,LinearSVC,78,78,mRMR,MID,14:34:08.477700,14:39:29.250258,ALLAML
0.142,0.0007,0.0088,0.0001,97.24000000000001,3.7900000000000005,100.0,0.0,RandomForest,78,78,mRMR,MID,14:34:08.477700,14:39:29.250258,ALLAML
0.0532,0.0003,0.0158,0.0001,90.38000000000001,10.5,100.0,0.0,XGB,78,78,mRMR,MID,14:34:08.477700,14:39:29.250258,ALLAML
0.0736,0.0035,0.0027,0.0001,95.81,3.83,100.0,0.0,MLP,78,78,mRMR,MID,14:34:08.477700,14:39:29.250258,ALLAML
0.0025,0.0,0.0023,0.0001,95.81,6.34,98.61,0.7799999999999999,GaussianNB,78,78,mRMR,MID,14:34:08.477700,14:39:29.250258,ALLAML
0.0023,0.0001,0.0039,0.0002,97.24000000000001,3.7900000000000005,98.61,0.7799999999999999,KNeighbors,79,79,mRMR,MID,14:34:08.477700,14:39:29.250258,ALLAML
0.0028,0.0001,0.0022,0.0,97.24000000000001,3.7900000000000005,100.0,0.0,LinearSVC,79,79,mRMR,MID,14:34:08.477700,14:39:29.250258,ALLAML
0.1413,0.0007,0.0088,0.0,97.14,6.39,100.0,0.0,RandomForest,79,79,mRMR,MID,14:34:08.477700,14:39:29.250258,ALLAML
0.0538,0.0004,0.016,0.0003,90.38000000000001,10.5,100.0,0.0,XGB,79,79,mRMR,MID,14:34:08.477700,14:39:29.250258,ALLAML
0.0763,0.0046,0.0027,0.0,97.24000000000001,3.7900000000000005,100.0,0.0,MLP,79,79,mRMR,MID,14:34:08.477700,14:39:29.250258,ALLAML
0.0026,0.0001,0.0024,0.0001,95.81,6.34,98.61,0.7799999999999999,GaussianNB,79,79,mRMR,MID,14:34:08.477700,14:39:29.250258,ALLAML
0.0023,0.0001,0.0039,0.0002,97.24000000000001,3.7900000000000005,98.61,0.7799999999999999,KNeighbors,80,80,mRMR,MID,14:34:08.477700,14:39:29.250258,ALLAML
0.0028,0.0,0.0022,0.0,97.24000000000001,3.7900000000000005,100.0,0.0,LinearSVC,80,80,mRMR,MID,14:34:08.477700,14:39:29.250258,ALLAML
0.1419,0.0006,0.0089,0.0001,98.57000000000001,3.19,100.0,0.0,RandomForest,80,80,mRMR,MID,14:34:08.477700,14:39:29.250258,ALLAML
0.0542,0.0004,0.016,0.0001,90.38000000000001,10.5,100.0,0.0,XGB,80,80,mRMR,MID,14:34:08.477700,14:39:29.250258,ALLAML
0.0778,0.0045,0.0026,0.0,97.24000000000001,3.7900000000000005,100.0,0.0,MLP,80,80,mRMR,MID,14:34:08.477700,14:39:29.250258,ALLAML
0.0025,0.0,0.0024,0.0001,95.81,6.34,98.61,0.7799999999999999,GaussianNB,80,80,mRMR,MID,14:34:08.477700,14:39:29.250258,ALLAML
0.0023,0.0001,0.0039,0.0002,97.24000000000001,3.7900000000000005,98.61,0.7799999999999999,KNeighbors,81,81,mRMR,MID,14:34:08.477700,14:39:29.250258,ALLAML
0.0029,0.0001,0.0022,0.0,97.24000000000001,3.7900000000000005,100.0,0.0,LinearSVC,81,81,mRMR,MID,14:34:08.477700,14:39:29.250258,ALLAML
0.1421,0.0005,0.0088,0.0,97.14,6.39,100.0,0.0,RandomForest,81,81,mRMR,MID,14:34:08.477700,14:39:29.250258,ALLAML
0.0547,0.0002,0.0161,0.0001,90.38000000000001,10.5,100.0,0.0,XGB,81,81,mRMR,MID,14:34:08.477700,14:39:29.250258,ALLAML
0.0664,0.003,0.0026,0.0,97.24000000000001,3.7900000000000005,100.0,0.0,MLP,81,81,mRMR,MID,14:34:08.477700,14:39:29.250258,ALLAML
0.0025,0.0,0.0024,0.0001,95.81,6.34,98.61,0.7799999999999999,GaussianNB,81,81,mRMR,MID,14:34:08.477700,14:39:29.250258,ALLAML
0.0023,0.0001,0.0039,0.0002,97.24000000000001,3.7900000000000005,98.26,1.24,KNeighbors,82,82,mRMR,MID,14:34:08.477700,14:39:29.250258,ALLAML
0.0028,0.0001,0.0022,0.0,97.24000000000001,3.7900000000000005,100.0,0.0,LinearSVC,82,82,mRMR,MID,14:34:08.477700,14:39:29.250258,ALLAML
0.1426,0.0007,0.0088,0.0001,97.14,6.39,100.0,0.0,RandomForest,82,82,mRMR,MID,14:34:08.477700,14:39:29.250258,ALLAML
0.0552,0.0004,0.0163,0.0,90.38000000000001,10.5,100.0,0.0,XGB,82,82,mRMR,MID,14:34:08.477700,14:39:29.250258,ALLAML
0.0729,0.005,0.0026,0.0,97.24000000000001,3.7900000000000005,100.0,0.0,MLP,82,82,mRMR,MID,14:34:08.477700,14:39:29.250258,ALLAML
0.0025,0.0,0.0024,0.0,95.81,6.34,98.61,0.7799999999999999,GaussianNB,82,82,mRMR,MID,14:34:08.477700,14:39:29.250258,ALLAML
0.0023,0.0001,0.0039,0.0002,97.24000000000001,3.7900000000000005,98.26,1.24,KNeighbors,83,83,mRMR,MID,14:34:08.477700,14:39:29.250258,ALLAML
0.0029,0.0,0.0022,0.0,97.24000000000001,3.7900000000000005,100.0,0.0,LinearSVC,83,83,mRMR,MID,14:34:08.477700,14:39:29.250258,ALLAML
0.1424,0.0006,0.0088,0.0,98.57000000000001,3.19,100.0,0.0,RandomForest,83,83,mRMR,MID,14:34:08.477700,14:39:29.250258,ALLAML
0.0557,0.0003,0.0165,0.0001,90.38000000000001,10.5,100.0,0.0,XGB,83,83,mRMR,MID,14:34:08.477700,14:39:29.250258,ALLAML
0.0806,0.0044,0.0027,0.0001,97.24000000000001,3.7900000000000005,100.0,0.0,MLP,83,83,mRMR,MID,14:34:08.477700,14:39:29.250258,ALLAML
0.0025,0.0,0.0024,0.0001,95.81,6.34,98.61,0.7799999999999999,GaussianNB,83,83,mRMR,MID,14:34:08.477700,14:39:29.250258,ALLAML
0.0023,0.0001,0.0039,0.0002,98.57000000000001,3.19,98.61,0.7799999999999999,KNeighbors,84,84,mRMR,MID,14:34:08.477700,14:39:29.250258,ALLAML
0.0028,0.0,0.0022,0.0,97.24000000000001,3.7900000000000005,100.0,0.0,LinearSVC,84,84,mRMR,MID,14:34:08.477700,14:39:29.250258,ALLAML
0.1424,0.0006,0.0088,0.0,95.81,6.34,100.0,0.0,RandomForest,84,84,mRMR,MID,14:34:08.477700,14:39:29.250258,ALLAML
0.0563,0.0004,0.0167,0.0001,90.38000000000001,10.5,100.0,0.0,XGB,84,84,mRMR,MID,14:34:08.477700,14:39:29.250258,ALLAML
0.0716,0.0043,0.0027,0.0001,97.24000000000001,3.7900000000000005,100.0,0.0,MLP,84,84,mRMR,MID,14:34:08.477700,14:39:29.250258,ALLAML
0.0026,0.0,0.0024,0.0001,95.81,6.34,98.61,0.7799999999999999,GaussianNB,84,84,mRMR,MID,14:34:08.477700,14:39:29.250258,ALLAML
0.0023,0.0001,0.0039,0.0002,98.57000000000001,3.19,98.26,1.24,KNeighbors,85,85,mRMR,MID,14:34:08.477700,14:39:29.250258,ALLAML
0.0029,0.0,0.0022,0.0,97.24000000000001,3.7900000000000005,100.0,0.0,LinearSVC,85,85,mRMR,MID,14:34:08.477700,14:39:29.250258,ALLAML
0.1421,0.0004,0.0088,0.0,97.24000000000001,3.7900000000000005,100.0,0.0,RandomForest,85,85,mRMR,MID,14:34:08.477700,14:39:29.250258,ALLAML
0.0567,0.0002,0.0169,0.0001,90.38000000000001,10.5,100.0,0.0,XGB,85,85,mRMR,MID,14:34:08.477700,14:39:29.250258,ALLAML
0.0706,0.0034,0.0027,0.0,97.24000000000001,3.7900000000000005,100.0,0.0,MLP,85,85,mRMR,MID,14:34:08.477700,14:39:29.250258,ALLAML
0.0026,0.0,0.0024,0.0001,95.81,6.34,98.61,0.7799999999999999,GaussianNB,85,85,mRMR,MID,14:34:08.477700,14:39:29.250258,ALLAML
0.0023,0.0001,0.0039,0.0002,97.24000000000001,3.7900000000000005,98.61,0.7799999999999999,KNeighbors,86,86,mRMR,MID,14:34:08.477700,14:39:29.250258,ALLAML
0.0028,0.0,0.0022,0.0,97.24000000000001,3.7900000000000005,100.0,0.0,LinearSVC,86,86,mRMR,MID,14:34:08.477700,14:39:29.250258,ALLAML
0.1423,0.0008,0.0088,0.0,97.14,6.39,100.0,0.0,RandomForest,86,86,mRMR,MID,14:34:08.477700,14:39:29.250258,ALLAML
0.0573,0.0004,0.0169,0.0001,90.38000000000001,10.5,100.0,0.0,XGB,86,86,mRMR,MID,14:34:08.477700,14:39:29.250258,ALLAML
0.063,0.0037,0.0027,0.0001,97.24000000000001,3.7900000000000005,100.0,0.0,MLP,86,86,mRMR,MID,14:34:08.477700,14:39:29.250258,ALLAML
0.0026,0.0,0.0024,0.0,95.81,6.34,98.61,0.7799999999999999,GaussianNB,86,86,mRMR,MID,14:34:08.477700,14:39:29.250258,ALLAML
0.0023,0.0001,0.0039,0.0002,97.24000000000001,3.7900000000000005,98.61,0.7799999999999999,KNeighbors,87,87,mRMR,MID,14:34:08.477700,14:39:29.250258,ALLAML
0.0029,0.0001,0.0022,0.0,97.24000000000001,3.7900000000000005,100.0,0.0,LinearSVC,87,87,mRMR,MID,14:34:08.477700,14:39:29.250258,ALLAML
0.142,0.0008,0.0088,0.0,97.14,6.39,100.0,0.0,RandomForest,87,87,mRMR,MID,14:34:08.477700,14:39:29.250258,ALLAML
0.0578,0.0005,0.0172,0.0002,90.38000000000001,10.5,100.0,0.0,XGB,87,87,mRMR,MID,14:34:08.477700,14:39:29.250258,ALLAML
0.0683,0.0039,0.0026,0.0001,97.24000000000001,3.7900000000000005,100.0,0.0,MLP,87,87,mRMR,MID,14:34:08.477700,14:39:29.250258,ALLAML
0.0026,0.0,0.0024,0.0,95.81,6.34,98.61,0.7799999999999999,GaussianNB,87,87,mRMR,MID,14:34:08.477700,14:39:29.250258,ALLAML
0.0023,0.0001,0.004,0.0002,97.24000000000001,3.7900000000000005,98.61,0.7799999999999999,KNeighbors,88,88,mRMR,MID,14:34:08.477700,14:39:29.250258,ALLAML
0.0029,0.0001,0.0022,0.0,97.24000000000001,3.7900000000000005,100.0,0.0,LinearSVC,88,88,mRMR,MID,14:34:08.477700,14:39:29.250258,ALLAML
0.1425,0.0007,0.0088,0.0,97.24000000000001,3.7900000000000005,100.0,0.0,RandomForest,88,88,mRMR,MID,14:34:08.477700,14:39:29.250258,ALLAML
0.0582,0.0004,0.0173,0.0001,90.38000000000001,10.5,100.0,0.0,XGB,88,88,mRMR,MID,14:34:08.477700,14:39:29.250258,ALLAML
0.075,0.0032,0.0027,0.0,97.24000000000001,3.7900000000000005,100.0,0.0,MLP,88,88,mRMR,MID,14:34:08.477700,14:39:29.250258,ALLAML
0.0026,0.0,0.0024,0.0,95.81,6.34,98.61,0.7799999999999999,GaussianNB,88,88,mRMR,MID,14:34:08.477700,14:39:29.250258,ALLAML
0.0023,0.0001,0.0039,0.0002,98.57000000000001,3.19,98.61,0.7799999999999999,KNeighbors,89,89,mRMR,MID,14:34:08.477700,14:39:29.250258,ALLAML
0.0029,0.0001,0.0022,0.0,97.24000000000001,3.7900000000000005,100.0,0.0,LinearSVC,89,89,mRMR,MID,14:34:08.477700,14:39:29.250258,ALLAML
0.1421,0.0007,0.0089,0.0001,97.14,6.39,100.0,0.0,RandomForest,89,89,mRMR,MID,14:34:08.477700,14:39:29.250258,ALLAML
0.0586,0.0004,0.0174,0.0001,91.62,7.870000000000001,100.0,0.0,XGB,89,89,mRMR,MID,14:34:08.477700,14:39:29.250258,ALLAML
0.0732,0.0029,0.0026,0.0,97.24000000000001,3.7900000000000005,100.0,0.0,MLP,89,89,mRMR,MID,14:34:08.477700,14:39:29.250258,ALLAML
0.0026,0.0,0.0024,0.0,97.24000000000001,3.7900000000000005,98.61,0.7799999999999999,GaussianNB,89,89,mRMR,MID,14:34:08.477700,14:39:29.250258,ALLAML
0.0024,0.0001,0.004,0.0002,98.57000000000001,3.19,98.26,1.24,KNeighbors,90,90,mRMR,MID,14:34:08.477700,14:39:29.250258,ALLAML
0.0029,0.0001,0.0022,0.0,97.24000000000001,3.7900000000000005,100.0,0.0,LinearSVC,90,90,mRMR,MID,14:34:08.477700,14:39:29.250258,ALLAML
0.1422,0.0005,0.0088,0.0,97.24000000000001,3.7900000000000005,100.0,0.0,RandomForest,90,90,mRMR,MID,14:34:08.477700,14:39:29.250258,ALLAML
0.0592,0.0003,0.0177,0.0,91.62,7.870000000000001,100.0,0.0,XGB,90,90,mRMR,MID,14:34:08.477700,14:39:29.250258,ALLAML
0.0576,0.0045,0.0026,0.0,97.24000000000001,3.7900000000000005,100.0,0.0,MLP,90,90,mRMR,MID,14:34:08.477700,14:39:29.250258,ALLAML
0.0026,0.0,0.0025,0.0,95.81,6.34,98.61,0.7799999999999999,GaussianNB,90,90,mRMR,MID,14:34:08.477700,14:39:29.250258,ALLAML
0.0024,0.0001,0.004,0.0002,98.57000000000001,3.19,98.26,1.24,KNeighbors,91,91,mRMR,MID,14:34:08.477700,14:39:29.250258,ALLAML
0.0029,0.0001,0.0023,0.0,97.24000000000001,3.7900000000000005,100.0,0.0,LinearSVC,91,91,mRMR,MID,14:34:08.477700,14:39:29.250258,ALLAML
0.1429,0.0005,0.0089,0.0001,97.14,6.39,100.0,0.0,RandomForest,91,91,mRMR,MID,14:34:08.477700,14:39:29.250258,ALLAML
0.0603,0.0003,0.0183,0.0003,91.62,7.870000000000001,100.0,0.0,XGB,91,91,mRMR,MID,14:34:08.477700,14:39:29.250258,ALLAML
0.0675,0.0047,0.0028,0.0,97.24000000000001,3.7900000000000005,100.0,0.0,MLP,91,91,mRMR,MID,14:34:08.477700,14:39:29.250258,ALLAML
0.0026,0.0,0.0025,0.0,95.81,6.34,98.61,0.7799999999999999,GaussianNB,91,91,mRMR,MID,14:34:08.477700,14:39:29.250258,ALLAML
0.0024,0.0001,0.004,0.0002,98.57000000000001,3.19,98.61,0.7799999999999999,KNeighbors,92,92,mRMR,MID,14:34:08.477700,14:39:29.250258,ALLAML
0.0029,0.0001,0.0023,0.0,97.24000000000001,3.7900000000000005,100.0,0.0,LinearSVC,92,92,mRMR,MID,14:34:08.477700,14:39:29.250258,ALLAML
0.1428,0.0006,0.0089,0.0001,98.57000000000001,3.19,100.0,0.0,RandomForest,92,92,mRMR,MID,14:34:08.477700,14:39:29.250258,ALLAML
0.0607,0.0003,0.0182,0.0,91.62,7.870000000000001,100.0,0.0,XGB,92,92,mRMR,MID,14:34:08.477700,14:39:29.250258,ALLAML
0.0754,0.005,0.0028,0.0,95.81,6.34,100.0,0.0,MLP,92,92,mRMR,MID,14:34:08.477700,14:39:29.250258,ALLAML
0.0026,0.0,0.0025,0.0,95.81,6.34,98.61,0.7799999999999999,GaussianNB,92,92,mRMR,MID,14:34:08.477700,14:39:29.250258,ALLAML
0.0024,0.0001,0.0041,0.0002,98.57000000000001,3.19,98.61,0.7799999999999999,KNeighbors,93,93,mRMR,MID,14:34:08.477700,14:39:29.250258,ALLAML
0.0029,0.0001,0.0023,0.0,97.24000000000001,3.7900000000000005,100.0,0.0,LinearSVC,93,93,mRMR,MID,14:34:08.477700,14:39:29.250258,ALLAML
0.1428,0.0007,0.0088,0.0001,98.57000000000001,3.19,100.0,0.0,RandomForest,93,93,mRMR,MID,14:34:08.477700,14:39:29.250258,ALLAML
0.0614,0.0003,0.0186,0.0001,91.62,7.870000000000001,100.0,0.0,XGB,93,93,mRMR,MID,14:34:08.477700,14:39:29.250258,ALLAML
0.0676,0.0044,0.0028,0.0,97.24000000000001,3.7900000000000005,100.0,0.0,MLP,93,93,mRMR,MID,14:34:08.477700,14:39:29.250258,ALLAML
0.0026,0.0,0.0025,0.0,95.81,6.34,98.61,0.7799999999999999,GaussianNB,93,93,mRMR,MID,14:34:08.477700,14:39:29.250258,ALLAML
0.0024,0.0001,0.004,0.0002,98.57000000000001,3.19,98.61,0.7799999999999999,KNeighbors,94,94,mRMR,MID,14:34:08.477700,14:39:29.250258,ALLAML
0.0029,0.0001,0.0023,0.0,97.24000000000001,3.7900000000000005,100.0,0.0,LinearSVC,94,94,mRMR,MID,14:34:08.477700,14:39:29.250258,ALLAML
0.1422,0.0007,0.0088,0.0,95.81,6.34,100.0,0.0,RandomForest,94,94,mRMR,MID,14:34:08.477700,14:39:29.250258,ALLAML
0.0614,0.0006,0.0186,0.0003,93.05,8.75,100.0,0.0,XGB,94,94,mRMR,MID,14:34:08.477700,14:39:29.250258,ALLAML
0.0753,0.0035,0.0028,0.0001,97.24000000000001,3.7900000000000005,100.0,0.0,MLP,94,94,mRMR,MID,14:34:08.477700,14:39:29.250258,ALLAML
0.0026,0.0,0.0025,0.0,95.81,6.34,98.61,0.7799999999999999,GaussianNB,94,94,mRMR,MID,14:34:08.477700,14:39:29.250258,ALLAML
0.0024,0.0001,0.004,0.0002,98.57000000000001,3.19,98.61,0.7799999999999999,KNeighbors,95,95,mRMR,MID,14:34:08.477700,14:39:29.250258,ALLAML
0.0029,0.0,0.0023,0.0,97.24000000000001,3.7900000000000005,100.0,0.0,LinearSVC,95,95,mRMR,MID,14:34:08.477700,14:39:29.250258,ALLAML
0.1425,0.0008,0.0088,0.0,97.24000000000001,3.7900000000000005,100.0,0.0,RandomForest,95,95,mRMR,MID,14:34:08.477700,14:39:29.250258,ALLAML
0.0618,0.0006,0.0187,0.0003,91.71000000000001,9.19,100.0,0.0,XGB,95,95,mRMR,MID,14:34:08.477700,14:39:29.250258,ALLAML
0.067,0.0044,0.0027,0.0,98.57000000000001,3.19,100.0,0.0,MLP,95,95,mRMR,MID,14:34:08.477700,14:39:29.250258,ALLAML
0.0026,0.0,0.0025,0.0,95.81,6.34,98.61,0.7799999999999999,GaussianNB,95,95,mRMR,MID,14:34:08.477700,14:39:29.250258,ALLAML
0.0024,0.0001,0.004,0.0002,98.57000000000001,3.19,98.61,0.7799999999999999,KNeighbors,96,96,mRMR,MID,14:34:08.477700,14:39:29.250258,ALLAML
0.0029,0.0001,0.0023,0.0,97.24000000000001,3.7900000000000005,100.0,0.0,LinearSVC,96,96,mRMR,MID,14:34:08.477700,14:39:29.250258,ALLAML
0.1427,0.0008,0.0088,0.0,95.81,6.34,100.0,0.0,RandomForest,96,96,mRMR,MID,14:34:08.477700,14:39:29.250258,ALLAML
0.0628,0.0007,0.0193,0.0003,91.71000000000001,9.19,100.0,0.0,XGB,96,96,mRMR,MID,14:34:08.477700,14:39:29.250258,ALLAML
0.0712,0.0042,0.0028,0.0,95.81,6.34,100.0,0.0,MLP,96,96,mRMR,MID,14:34:08.477700,14:39:29.250258,ALLAML
0.0026,0.0,0.0025,0.0,95.81,6.34,98.61,0.7799999999999999,GaussianNB,96,96,mRMR,MID,14:34:08.477700,14:39:29.250258,ALLAML
0.0024,0.0001,0.004,0.0002,98.57000000000001,3.19,98.61,0.7799999999999999,KNeighbors,97,97,mRMR,MID,14:34:08.477700,14:39:29.250258,ALLAML
0.0029,0.0001,0.0023,0.0,97.24000000000001,3.7900000000000005,100.0,0.0,LinearSVC,97,97,mRMR,MID,14:34:08.477700,14:39:29.250258,ALLAML
0.1427,0.0006,0.0089,0.0,97.24000000000001,3.7900000000000005,100.0,0.0,RandomForest,97,97,mRMR,MID,14:34:08.477700,14:39:29.250258,ALLAML
0.063,0.0006,0.0192,0.0004,91.71000000000001,9.19,100.0,0.0,XGB,97,97,mRMR,MID,14:34:08.477700,14:39:29.250258,ALLAML
0.0726,0.0026,0.0028,0.0,97.24000000000001,3.7900000000000005,100.0,0.0,MLP,97,97,mRMR,MID,14:34:08.477700,14:39:29.250258,ALLAML
0.0026,0.0,0.0025,0.0,95.81,6.34,98.61,0.7799999999999999,GaussianNB,97,97,mRMR,MID,14:34:08.477700,14:39:29.250258,ALLAML
0.0024,0.0001,0.004,0.0001,98.57000000000001,3.19,98.61,0.7799999999999999,KNeighbors,98,98,mRMR,MID,14:34:08.477700,14:39:29.250258,ALLAML
0.0029,0.0001,0.0023,0.0,97.24000000000001,3.7900000000000005,100.0,0.0,LinearSVC,98,98,mRMR,MID,14:34:08.477700,14:39:29.250258,ALLAML
0.1426,0.0005,0.0089,0.0,97.24000000000001,3.7900000000000005,100.0,0.0,RandomForest,98,98,mRMR,MID,14:34:08.477700,14:39:29.250258,ALLAML
0.0634,0.0006,0.0193,0.0003,91.71000000000001,9.19,100.0,0.0,XGB,98,98,mRMR,MID,14:34:08.477700,14:39:29.250258,ALLAML
0.0638,0.002,0.0027,0.0001,97.24000000000001,3.7900000000000005,100.0,0.0,MLP,98,98,mRMR,MID,14:34:08.477700,14:39:29.250258,ALLAML
0.0026,0.0,0.0025,0.0,95.81,6.34,98.61,0.7799999999999999,GaussianNB,98,98,mRMR,MID,14:34:08.477700,14:39:29.250258,ALLAML
0.0024,0.0001,0.004,0.0002,98.57000000000001,3.19,98.61,0.7799999999999999,KNeighbors,99,99,mRMR,MID,14:34:08.477700,14:39:29.250258,ALLAML
0.003,0.0001,0.0023,0.0,97.24000000000001,3.7900000000000005,100.0,0.0,LinearSVC,99,99,mRMR,MID,14:34:08.477700,14:39:29.250258,ALLAML
0.1427,0.0005,0.0089,0.0001,95.81,6.34,100.0,0.0,RandomForest,99,99,mRMR,MID,14:34:08.477700,14:39:29.250258,ALLAML
0.0639,0.0006,0.0195,0.0003,91.71000000000001,9.19,100.0,0.0,XGB,99,99,mRMR,MID,14:34:08.477700,14:39:29.250258,ALLAML
0.0599,0.0042,0.0028,0.0001,100.0,0.0,100.0,0.0,MLP,99,99,mRMR,MID,14:34:08.477700,14:39:29.250258,ALLAML
0.0026,0.0,0.0025,0.0,95.81,6.34,98.61,0.7799999999999999,GaussianNB,99,99,mRMR,MID,14:34:08.477700,14:39:29.250258,ALLAML
0.0024,0.0001,0.004,0.0001,98.57000000000001,3.19,98.61,0.7799999999999999,KNeighbors,100,100,mRMR,MID,14:34:08.477700,14:39:29.250258,ALLAML
0.0029,0.0001,0.0023,0.0,97.24000000000001,3.7900000000000005,100.0,0.0,LinearSVC,100,100,mRMR,MID,14:34:08.477700,14:39:29.250258,ALLAML
0.1432,0.0005,0.0089,0.0,95.81,6.34,100.0,0.0,RandomForest,100,100,mRMR,MID,14:34:08.477700,14:39:29.250258,ALLAML
0.0643,0.0007,0.0194,0.0003,91.71000000000001,9.19,100.0,0.0,XGB,100,100,mRMR,MID,14:34:08.477700,14:39:29.250258,ALLAML
0.0603,0.0041,0.0027,0.0,97.24000000000001,3.7900000000000005,100.0,0.0,MLP,100,100,mRMR,MID,14:34:08.477700,14:39:29.250258,ALLAML
0.0026,0.0,0.0025,0.0,95.81,6.34,98.61,0.7799999999999999,GaussianNB,100,100,mRMR,MID,14:34:08.477700,14:39:29.250258,ALLAML
